id,type,period,page_ref,figure_num,page_num,pottery_id,folder,image_path,caption_text,position,rotation,collection,source_pdf
Degli_Espositi_1_SU_53.png,ENT,Umm an-Nar / Hili IIf (2250-2100 a.C.),"pp. 74, 76 (Cap. 4.8.1)",TAV XXII,22,"SU 53,1",TAV_XXII,TAV_XXII/Degli_Espositi_1_SU_53.png,"SU 53,1 Al SU 53,5",TOP,RIGHT,Degli_Espositi,2- Capp.4-5-6+bibliografia.pdf
Degli_Espositi_2.png,FRAG,Umm an-Nar / Hili IIf (2250-2100 a.C.),"pp. 74, 76 (Cap. 4.8.1)",TAV XXII,22,,TAV_XXII,TAV_XXII/Degli_Espositi_2.png,"SU 53,2 SU 53,1 Al",TOP,RIGHT,Degli_Espositi,2- Capp.4-5-6+bibliografia.pdf
Degli_Espositi_3.png,FRAG,Umm an-Nar / Hili IIf (2250-2100 a.C.),"pp. 74, 76 (Cap. 4.8.1)",TAV XXII,22,,TAV_XXII,TAV_XXII/Degli_Espositi_3.png,"SU 53,6 Al SU 53,5",TOP,RIGHT,Degli_Espositi,2- Capp.4-5-6+bibliografia.pdf
Degli_Espositi_4.png,FRAG,Umm an-Nar / Hili IIf (2250-2100 a.C.),"pp. 74, 76 (Cap. 4.8.1)",TAV XXII,22,,TAV_XXII,TAV_XXII/Degli_Espositi_4.png,"SU 53,3 257 SU 53,2",TOP,RIGHT,Degli_Espositi,2- Capp.4-5-6+bibliografia.pdf
Degli_Espositi_5.png,FRAG,Umm an-Nar / Hili IIf (2250-2100 a.C.),"pp. 74, 76 (Cap. 4.8.1)",TAV XXII,22,,TAV_XXII,TAV_XXII/Degli_Espositi_5.png,"257 SU 53,6 Al",TOP,RIGHT,Degli_Espositi,2- Capp.4-5-6+bibliografia.pdf
Degli_Espositi_6.png,FRAG,Umm an-Nar / Prima Eta del Bronzo,p. 68 (Cap. 4.8),TAV XXIII,23,,TAV_XXIII,TAV_XXIII/Degli_Espositi_6.png,"9 Al SU 54,2",TOP,RIGHT,Degli_Espositi,2- Capp.4-5-6+bibliografia.pdf
Degli_Espositi_7_9.png,FRAG,Umm an-Nar / Prima Eta del Bronzo,p. 68 (Cap. 4.8),TAV XXIII,23,9,TAV_XXIII,TAV_XXIII/Degli_Espositi_7_9.png,"9 SU 54,1 Al molto fine",TOP,RIGHT,Degli_Espositi,2- Capp.4-5-6+bibliografia.pdf
Degli_Espositi_8.png,FRAG,Umm an-Nar / Hili IIf (2250-2100 a.C.),p. 76 (confronto Hili IIf),TAV XXIV,24,,TAV_XXIV,TAV_XXIV/Degli_Espositi_8.png,"SU 55,17 Al SU 55,19",BOTTOM,RIGHT,Degli_Espositi,2- Capp.4-5-6+bibliografia.pdf
Degli_Espositi_9.png,FRAG,Umm an-Nar / Hili IIf (2250-2100 a.C.),p. 76 (confronto Hili IIf),TAV XXIV,24,,TAV_XXIV,TAV_XXIV/Degli_Espositi_9.png,"SU 55,19 SU 55,15 SU 55.18",TOP,RIGHT,Degli_Espositi,2- Capp.4-5-6+bibliografia.pdf
Degli_Espositi_10.png,FRAG,Umm an-Nar / Hili IIf (2250-2100 a.C.),p. 76 (confronto Hili IIf),TAV XXIV,24,,TAV_XXIV,TAV_XXIV/Degli_Espositi_10.png,"SU 55,15 SU 55,2 Al",TOP,RIGHT,Degli_Espositi,2- Capp.4-5-6+bibliografia.pdf
Degli_Espositi_11.png,FRAG,Umm an-Nar / Hili IIf (2250-2100 a.C.),p. 76 (confronto Hili IIf),TAV XXIV,24,,TAV_XXIV,TAV_XXIV/Degli_Espositi_11.png,"SU 55,2 Al SU 55,8",TOP,RIGHT,Degli_Espositi,2- Capp.4-5-6+bibliografia.pdf
Degli_Espositi_12.png,FRAG,Umm an-Nar / Hili IIf (2250-2100 a.C.),p. 76 (confronto Hili IIf),TAV XXIV,24,,TAV_XXIV,TAV_XXIV/Degli_Espositi_12.png,"Al SU 55,8 Al",TOP,RIGHT,Degli_Espositi,2- Capp.4-5-6+bibliografia.pdf
Degli_Espositi_13.png,FRAG,Umm an-Nar / Hili IIf (2250-2100 a.C.),p. 76 (confronto Hili IIf),TAV XXIV,24,,TAV_XXIV,TAV_XXIV/Degli_Espositi_13.png,"Al SU 55,1 5",TOP,RIGHT,Degli_Espositi,2- Capp.4-5-6+bibliografia.pdf
Degli_Espositi_14.png,FRAG,Umm an-Nar / Hili IIf (2250-2100 a.C.),p. 76 (confronto Hili IIf),TAV XXIV,24,,TAV_XXIV,TAV_XXIV/Degli_Espositi_14.png,"5 259 SU 55,8",TOP,RIGHT,Degli_Espositi,2- Capp.4-5-6+bibliografia.pdf
Degli_Espositi_15.png,FRAG,Umm an-Nar / Prima Eta del Bronzo,p. 68 (Cap. 4.8),TAV XXV,25,,TAV_XXV,TAV_XXV/Degli_Espositi_15.png,"SU 55,16 A2 SU 55,13",TOP,RIGHT,Degli_Espositi,2- Capp.4-5-6+bibliografia.pdf
Degli_Espositi_16.png,FRAG,Umm an-Nar / Prima Eta del Bronzo,p. 68 (Cap. 4.8),TAV XXV,25,,TAV_XXV,TAV_XXV/Degli_Espositi_16.png,"A2 SU 55,13 SU 55,5",TOP,RIGHT,Degli_Espositi,2- Capp.4-5-6+bibliografia.pdf
Degli_Espositi_17.png,FRAG,Umm an-Nar / Prima Eta del Bronzo,p. 68 (Cap. 4.8),TAV XXV,25,,TAV_XXV,TAV_XXV/Degli_Espositi_17.png,"SU 55,5 A Al",TOP,RIGHT,Degli_Espositi,2- Capp.4-5-6+bibliografia.pdf
Degli_Espositi_18.png,FRAG,Umm an-Nar / Prima Eta del Bronzo,p. 68 (Cap. 4.8),TAV XXV,25,,TAV_XXV,TAV_XXV/Degli_Espositi_18.png,"A Al SU 55,14",TOP,RIGHT,Degli_Espositi,2- Capp.4-5-6+bibliografia.pdf
Degli_Espositi_19.png,FRAG,Umm an-Nar / Prima Eta del Bronzo,p. 68 (Cap. 4.8),TAV XXV,25,,TAV_XXV,TAV_XXV/Degli_Espositi_19.png,"SU 55,3 Al A",TOP,RIGHT,Degli_Espositi,2- Capp.4-5-6+bibliografia.pdf
Degli_Espositi_20.png,FRAG,Umm an-Nar / Prima Eta del Bronzo,p. 68 (Cap. 4.8),TAV XXV,25,,TAV_XXV,TAV_XXV/Degli_Espositi_20.png,"260 SU 55,14 Al",TOP,RIGHT,Degli_Espositi,2- Capp.4-5-6+bibliografia.pdf
Degli_Espositi_21.png,FRAG,Umm an-Nar / Hili IId-IIe (2300-2150 a.C.),"p. 76 (Tavv. XXVI, XXVII, XXXI)",TAV XXVI,26,,TAV_XXVI,TAV_XXVI/Degli_Espositi_21.png,"A2 SU 56,5 Al / D",BOTTOM,RIGHT,Degli_Espositi,2- Capp.4-5-6+bibliografia.pdf
Degli_Espositi_22.png,FRAG,Umm an-Nar / Hili IId-IIe (2300-2150 a.C.),"p. 76 (Tavv. XXVI, XXVII, XXXI)",TAV XXVI,26,,TAV_XXVI,TAV_XXVI/Degli_Espositi_22.png,"Al / D SU 56,6 Al",BOTTOM,RIGHT,Degli_Espositi,2- Capp.4-5-6+bibliografia.pdf
Degli_Espositi_23_SU_56.png,FRAG,Umm an-Nar / Hili IId-IIe (2300-2150 a.C.),"p. 76 (Tavv. XXVI, XXVII, XXXI)",TAV XXVI,26,"SU 56,6",TAV_XXVI,TAV_XXVI/Degli_Espositi_23_SU_56.png,"SU 56,6 Al SU 56,2",BOTTOM,RIGHT,Degli_Espositi,2- Capp.4-5-6+bibliografia.pdf
Degli_Espositi_24.png,FRAG,Umm an-Nar / Hili IId-IIe (2300-2150 a.C.),"p. 76 (Tavv. XXVI, XXVII, XXXI)",TAV XXVI,26,,TAV_XXVI,TAV_XXVI/Degli_Espositi_24.png,"SU 56, Al SU 56,3",TOP,RIGHT,Degli_Espositi,2- Capp.4-5-6+bibliografia.pdf
Degli_Espositi_25.png,FRAG,Umm an-Nar / Hili IId-IIe (2300-2150 a.C.),"p. 76 (Tavv. XXVI, XXVII, XXXI)",TAV XXVI,26,,TAV_XXVI,TAV_XXVI/Degli_Espositi_25.png,"SU 56,3 SU 56,4 A2",TOP,RIGHT,Degli_Espositi,2- Capp.4-5-6+bibliografia.pdf
Degli_Espositi_26.png,FRAG,Umm an-Nar / Hili IId-IIe (2300-2150 a.C.),"p. 76 (Tavv. XXVI, XXVII, XXXI)",TAV XXVI,26,,TAV_XXVI,TAV_XXVI/Degli_Espositi_26.png,"261 SU 56, Al",TOP,RIGHT,Degli_Espositi,2- Capp.4-5-6+bibliografia.pdf
Degli_Espositi_27.png,FRAG,Umm an-Nar / Hili IId-IIe (2300-2150 a.C.),"p. 76 (Tavv. XXVI, XXVII, XXXI)",TAV XXVI,26,,TAV_XXVI,TAV_XXVI/Degli_Espositi_27.png,"261 SU 56, Al",BOTTOM,RIGHT,Degli_Espositi,2- Capp.4-5-6+bibliografia.pdf
Degli_Espositi_28.png,FRAG,Umm an-Nar / Prima fase fossato,p. 76 (prima fase),TAV XXVII,27,,TAV_XXVII,TAV_XXVII/Degli_Espositi_28.png,"A2 SU 57,5 SU 57",BOTTOM,RIGHT,Degli_Espositi,2- Capp.4-5-6+bibliografia.pdf
Degli_Espositi_29.png,FRAG,Umm an-Nar / Prima fase fossato,p. 76 (prima fase),TAV XXVII,27,,TAV_XXVII,TAV_XXVII/Degli_Espositi_29.png,"SU 57,1 A2 unicum",TOP,RIGHT,Degli_Espositi,2- Capp.4-5-6+bibliografia.pdf
Degli_Espositi_30.png,FRAG,Umm an-Nar / Prima fase fossato,p. 76 (prima fase),TAV XXVII,27,,TAV_XXVII,TAV_XXVII/Degli_Espositi_30.png,"Al SU 57,7 Al",TOP,RIGHT,Degli_Espositi,2- Capp.4-5-6+bibliografia.pdf
Degli_Espositi_31.png,FRAG,Umm an-Nar / Prima fase fossato,p. 76 (prima fase),TAV XXVII,27,,TAV_XXVII,TAV_XXVII/Degli_Espositi_31.png,"Al SU 57,6 Unicum: molto granulare;",TOP,RIGHT,Degli_Espositi,2- Capp.4-5-6+bibliografia.pdf
Degli_Espositi_32.png,FRAG,Umm an-Nar / Prima fase fossato,p. 76 (prima fase),TAV XXVII,27,,TAV_XXVII,TAV_XXVII/Degli_Espositi_32.png,"Unicum: molto granulare; SU 57,3 con rivestimento verdastro",TOP,RIGHT,Degli_Espositi,2- Capp.4-5-6+bibliografia.pdf
Degli_Espositi_33_SU_57.png,FRAG,Umm an-Nar / Prima fase fossato,p. 76 (prima fase),TAV XXVII,27,"SU 57,2",TAV_XXVII,TAV_XXVII/Degli_Espositi_33_SU_57.png,"SU 57,2 262 SU 57,6",BOTTOM,RIGHT,Degli_Espositi,2- Capp.4-5-6+bibliografia.pdf
Degli_Espositi_34.png,FRAG,Umm an-Nar / Prima Eta del Bronzo,p. 68 (Cap. 4.8),TAV XXVIII,28,,TAV_XXVIII,TAV_XXVIII/Degli_Espositi_34.png,Uincum; impasto beige; rivestimento scuro con fascia chiara centrale; decoro a rete poco visibile,TOP,RIGHT,Degli_Espositi,2- Capp.4-5-6+bibliografia.pdf
Degli_Espositi_35_SU_58.png,ENT,Umm an-Nar / Prima Eta del Bronzo,p. 68 (Cap. 4.8),TAV XXVIII,28,"SU 58,19",TAV_XXVIII,TAV_XXVIII/Degli_Espositi_35_SU_58.png,"SU 58,19 SU 58,13 SU 58,5",TOP,RIGHT,Degli_Espositi,2- Capp.4-5-6+bibliografia.pdf
Degli_Espositi_36.png,FRAG,Umm an-Nar / Prima Eta del Bronzo,p. 68 (Cap. 4.8),TAV XXVIII,28,,TAV_XXVIII,TAV_XXVIII/Degli_Espositi_36.png,"SU 58,5 F ? un ft. trovato in SU 57 SU 58,11",TOP,RIGHT,Degli_Espositi,2- Capp.4-5-6+bibliografia.pdf
Degli_Espositi_37.png,FRAG,Umm an-Nar / Prima Eta del Bronzo,p. 68 (Cap. 4.8),TAV XXVIII,28,,TAV_XXVIII,TAV_XXVIII/Degli_Espositi_37.png,"F ? un ft. trovato in SU 57 SU 58,11 fascia rossa",TOP,RIGHT,Degli_Espositi,2- Capp.4-5-6+bibliografia.pdf
Degli_Espositi_38.png,FRAG,Umm an-Nar / Prima Eta del Bronzo,p. 68 (Cap. 4.8),TAV XXVIII,28,,TAV_XXVIII,TAV_XXVIII/Degli_Espositi_38.png,"A2 SU 58, Al",TOP,RIGHT,Degli_Espositi,2- Capp.4-5-6+bibliografia.pdf
Degli_Espositi_39.png,FRAG,Umm an-Nar / Prima Eta del Bronzo,p. 68 (Cap. 4.8),TAV XXVIII,28,,TAV_XXVIII,TAV_XXVIII/Degli_Espositi_39.png,"Al SU 58,9 fascia rossa",TOP,RIGHT,Degli_Espositi,2- Capp.4-5-6+bibliografia.pdf
Degli_Espositi_40.png,FRAG,Umm an-Nar / Prima Eta del Bronzo,p. 68 (Cap. 4.8),TAV XXVIII,28,,TAV_XXVIII,TAV_XXVIII/Degli_Espositi_40.png,") A2 SU 58,10",TOP,RIGHT,Degli_Espositi,2- Capp.4-5-6+bibliografia.pdf
Degli_Espositi_41.png,FRAG,Umm an-Nar / Prima Eta del Bronzo,p. 68 (Cap. 4.8),TAV XXVIII,28,,TAV_XXVIII,TAV_XXVIII/Degli_Espositi_41.png,) 5 263,TOP,RIGHT,Degli_Espositi,2- Capp.4-5-6+bibliografia.pdf
Degli_Espositi_42.png,FRAG,Umm an-Nar / Prima Eta del Bronzo,p. 68 (Cap. 4.8),TAV XXIX,29,,TAV_XXIX,TAV_XXIX/Degli_Espositi_42.png,"SU 58,4 SU 58,14 TAV XXIX",TOP,RIGHT,Degli_Espositi,2- Capp.4-5-6+bibliografia.pdf
Degli_Espositi_43.png,FRAG,Umm an-Nar / Prima Eta del Bronzo,p. 68 (Cap. 4.8),TAV XXIX,29,,TAV_XXIX,TAV_XXIX/Degli_Espositi_43.png,"SU 58,14 SU 58,12 SU 58,6",TOP,RIGHT,Degli_Espositi,2- Capp.4-5-6+bibliografia.pdf
Degli_Espositi_44.png,FRAG,Umm an-Nar / Prima Eta del Bronzo,p. 68 (Cap. 4.8),TAV XXIX,29,,TAV_XXIX,TAV_XXIX/Degli_Espositi_44.png,"SU 58,12 SU 58,15 SU 58,4",TOP,RIGHT,Degli_Espositi,2- Capp.4-5-6+bibliografia.pdf
Degli_Espositi_45.png,FRAG,Umm an-Nar / Prima Eta del Bronzo,p. 68 (Cap. 4.8),TAV XXIX,29,,TAV_XXIX,TAV_XXIX/Degli_Espositi_45.png,"SU 58,15 SU 58,17 SU 58,14",TOP,RIGHT,Degli_Espositi,2- Capp.4-5-6+bibliografia.pdf
Degli_Espositi_46.png,FRAG,Umm an-Nar / Prima Eta del Bronzo,p. 68 (Cap. 4.8),TAV XXIX,29,,TAV_XXIX,TAV_XXIX/Degli_Espositi_46.png,"SU 58,17 SU 58,16 F",TOP,RIGHT,Degli_Espositi,2- Capp.4-5-6+bibliografia.pdf
Degli_Espositi_47.png,FRAG,Umm an-Nar / Prima Eta del Bronzo,p. 68 (Cap. 4.8),TAV XXIX,29,,TAV_XXIX,TAV_XXIX/Degli_Espositi_47.png,"SU 58,16 F SU 58,8",TOP,RIGHT,Degli_Espositi,2- Capp.4-5-6+bibliografia.pdf
Degli_Espositi_48.png,FRAG,Umm an-Nar / Prima Eta del Bronzo,p. 68 (Cap. 4.8),TAV XXIX,29,,TAV_XXIX,TAV_XXIX/Degli_Espositi_48.png,"F SU 58,8 fascia rossa",TOP,RIGHT,Degli_Espositi,2- Capp.4-5-6+bibliografia.pdf
Degli_Espositi_49.png,FRAG,Umm an-Nar / Prima Eta del Bronzo,p. 68 (Cap. 4.8),TAV XXIX,29,,TAV_XXIX,TAV_XXIX/Degli_Espositi_49.png,"Black slipped jar SU 58,18 5",TOP,RIGHT,Degli_Espositi,2- Capp.4-5-6+bibliografia.pdf
Degli_Espositi_50.png,FRAG,Umm an-Nar / Prima Eta del Bronzo,p. 68 (Cap. 4.8),TAV XXIX,29,,TAV_XXIX,TAV_XXIX/Degli_Espositi_50.png,5 264 fascia rossa,TOP,RIGHT,Degli_Espositi,2- Capp.4-5-6+bibliografia.pdf
Degli_Espositi_51.png,FRAG,Umm an-Nar / Prima Eta del Bronzo,p. 68 (Cap. 4.8),TAV XXX,30,,TAV_XXX,TAV_XXX/Degli_Espositi_51.png,"SU 60, SU 60 TAV XXX",TOP,RIGHT,Degli_Espositi,2- Capp.4-5-6+bibliografia.pdf
Degli_Espositi_52.png,FRAG,Umm an-Nar / Prima Eta del Bronzo,p. 68 (Cap. 4.8),TAV XXX,30,,TAV_XXX,TAV_XXX/Degli_Espositi_52.png,"SU 60,2 A2 Al",TOP,RIGHT,Degli_Espositi,2- Capp.4-5-6+bibliografia.pdf
Degli_Espositi_53.png,FRAG,Umm an-Nar / Prima Eta del Bronzo,p. 68 (Cap. 4.8),TAV XXX,30,,TAV_XXX,TAV_XXX/Degli_Espositi_53.png,"Al SU 60,4 SU 60,5",TOP,RIGHT,Degli_Espositi,2- Capp.4-5-6+bibliografia.pdf
Degli_Espositi_54.png,FRAG,Umm an-Nar / Prima Eta del Bronzo,p. 68 (Cap. 4.8),TAV XXX,30,,TAV_XXX,TAV_XXX/Degli_Espositi_54.png,"Al SU 60,5 SU 60,3",TOP,RIGHT,Degli_Espositi,2- Capp.4-5-6+bibliografia.pdf
Degli_Espositi_55.png,FRAG,Umm an-Nar / Prima Eta del Bronzo,p. 68 (Cap. 4.8),TAV XXX,30,,TAV_XXX,TAV_XXX/Degli_Espositi_55.png,"SU 60,3 Al 5",TOP,RIGHT,Degli_Espositi,2- Capp.4-5-6+bibliografia.pdf
Degli_Espositi_56.png,FRAG,Umm an-Nar / Prima Eta del Bronzo,p. 68 (Cap. 4.8),TAV XXX,30,,TAV_XXX,TAV_XXX/Degli_Espositi_56.png,Al 5 265,TOP,RIGHT,Degli_Espositi,2- Capp.4-5-6+bibliografia.pdf
Degli_Espositi_57.png,FRAG,Umm an-Nar / Hili IId-e (2300-2150 a.C.),"p. 76 (Tavv. XXVI, XXVII, XXXI)",TAV XXXI,31,,TAV_XXXI,TAV_XXXI/Degli_Espositi_57.png,"SU 66,11 Al SU 66,12",TOP,RIGHT,Degli_Espositi,2- Capp.4-5-6+bibliografia.pdf
Degli_Espositi_58.png,FRAG,Umm an-Nar / Hili IId-e (2300-2150 a.C.),"p. 76 (Tavv. XXVI, XXVII, XXXI)",TAV XXXI,31,,TAV_XXXI,TAV_XXXI/Degli_Espositi_58.png,"SU 66,12 A2 Al",BOTTOM,RIGHT,Degli_Espositi,2- Capp.4-5-6+bibliografia.pdf
Degli_Espositi_59.png,FRAG,Umm an-Nar / Hili IId-e (2300-2150 a.C.),"p. 76 (Tavv. XXVI, XXVII, XXXI)",TAV XXXI,31,,TAV_XXXI,TAV_XXXI/Degli_Espositi_59.png,"Al attacca con un pezzo da SU 177 SU 66,8",BOTTOM,RIGHT,Degli_Espositi,2- Capp.4-5-6+bibliografia.pdf
Degli_Espositi_60.png,FRAG,Umm an-Nar / Hili IId-e (2300-2150 a.C.),"p. 76 (Tavv. XXVI, XXVII, XXXI)",TAV XXXI,31,,TAV_XXXI,TAV_XXXI/Degli_Espositi_60.png,"Al Al SU 66,3",BOTTOM,RIGHT,Degli_Espositi,2- Capp.4-5-6+bibliografia.pdf
Degli_Espositi_61.png,FRAG,Umm an-Nar / Hili IId-e (2300-2150 a.C.),"p. 76 (Tavv. XXVI, XXVII, XXXI)",TAV XXXI,31,,TAV_XXXI,TAV_XXXI/Degli_Espositi_61.png,"SU 66,14 attacca con un pezzo da SU 177 SU 66,8",TOP,RIGHT,Degli_Espositi,2- Capp.4-5-6+bibliografia.pdf
Degli_Espositi_62.png,FRAG,Umm an-Nar / Hili IId-e (2300-2150 a.C.),"p. 76 (Tavv. XXVI, XXVII, XXXI)",TAV XXXI,31,,TAV_XXXI,TAV_XXXI/Degli_Espositi_62.png,"SU 66,2 266 SU 66,3",BOTTOM,RIGHT,Degli_Espositi,2- Capp.4-5-6+bibliografia.pdf
Degli_Espositi_63.png,FRAG,Umm an-Nar / Prima fase fossato,p. 68 (Cap. 4.8),TAV XXXII,32,,TAV_XXXII,TAV_XXXII/Degli_Espositi_63.png,"A2 SU 66,5 Al / B",TOP,RIGHT,Degli_Espositi,2- Capp.4-5-6+bibliografia.pdf
Degli_Espositi_64.png,FRAG,Umm an-Nar / Prima fase fossato,p. 68 (Cap. 4.8),TAV XXXII,32,,TAV_XXXII,TAV_XXXII/Degli_Espositi_64.png,"Al / B SU 66, SU 66,4",TOP,RIGHT,Degli_Espositi,2- Capp.4-5-6+bibliografia.pdf
Degli_Espositi_65.png,FRAG,Umm an-Nar / Prima fase fossato,p. 68 (Cap. 4.8),TAV XXXII,32,,TAV_XXXII,TAV_XXXII/Degli_Espositi_65.png,"SU 66,4 SU 66,13 SU 66,5",TOP,RIGHT,Degli_Espositi,2- Capp.4-5-6+bibliografia.pdf
Degli_Espositi_66.png,FRAG,Umm an-Nar / Prima fase fossato,p. 68 (Cap. 4.8),TAV XXXII,32,,TAV_XXXII,TAV_XXXII/Degli_Espositi_66.png,"SU 66,13 Al / B SU 66",TOP,RIGHT,Degli_Espositi,2- Capp.4-5-6+bibliografia.pdf
Degli_Espositi_67.png,FRAG,Umm an-Nar / Prima fase fossato,p. 68 (Cap. 4.8),TAV XXXII,32,,TAV_XXXII,TAV_XXXII/Degli_Espositi_67.png,Al / B SU 66 2,TOP,RIGHT,Degli_Espositi,2- Capp.4-5-6+bibliografia.pdf
Degli_Espositi_68.png,FRAG,Umm an-Nar / Prima fase fossato,p. 68 (Cap. 4.8),TAV XXXII,32,,TAV_XXXII,TAV_XXXII/Degli_Espositi_68.png,"2 SU 66,1 267",TOP,RIGHT,Degli_Espositi,2- Capp.4-5-6+bibliografia.pdf
Degli_Espositi_69_2.png,FRAG,Umm an-Nar / Prima fase fossato,p. 68 (Cap. 4.8),TAV XXXII,32,2,TAV_XXXII,TAV_XXXII/Degli_Espositi_69_2.png,2 267 SU 66,TOP,RIGHT,Degli_Espositi,2- Capp.4-5-6+bibliografia.pdf
Degli_Espositi_70_SU_087.png,FRAG,Umm an-Nar / Prima Eta del Bronzo,"p. 75 (Fig. 79, SU 87)",TAV XXXIII,33,"SU 087,1",TAV_XXXIII,TAV_XXXIII/Degli_Espositi_70_SU_087.png,"STI; SU 087,1 STI; SU 178,10 Esempi di bicchiere da contesti diversi",TOP,RIGHT,Degli_Espositi,2- Capp.4-5-6+bibliografia.pdf
Degli_Espositi_71_SU_074.png,FRAG,Umm an-Nar / Prima Eta del Bronzo,"p. 75 (Fig. 79, SU 87)",TAV XXXIII,33,"SU 074,1",TAV_XXXIII,TAV_XXXIII/Degli_Espositi_71_SU_074.png,"STI; SU 074,1 STI; SU 087,1 STI; SU 178,10",BOTTOM,RIGHT,Degli_Espositi,2- Capp.4-5-6+bibliografia.pdf
Degli_Espositi_72_SU_178.png,FRAG,Umm an-Nar / Prima Eta del Bronzo,"p. 75 (Fig. 79, SU 87)",TAV XXXIII,33,"SU 178,10",TAV_XXXIII,TAV_XXXIII/Degli_Espositi_72_SU_178.png,"STI; SU 178,10 STI; SU 088,2 STI; SU 135,2",TOP,RIGHT,Degli_Espositi,2- Capp.4-5-6+bibliografia.pdf
Degli_Espositi_73_SU_088.png,FRAG,Umm an-Nar / Prima Eta del Bronzo,"p. 75 (Fig. 79, SU 87)",TAV XXXIII,33,"SU 088,2",TAV_XXXIII,TAV_XXXIII/Degli_Espositi_73_SU_088.png,"STI; SU 088,2 STI; SU 135,2 STI; SU 087,2",TOP,RIGHT,Degli_Espositi,2- Capp.4-5-6+bibliografia.pdf
Degli_Espositi_74_SU_135.png,FRAG,Umm an-Nar / Prima Eta del Bronzo,"p. 75 (Fig. 79, SU 87)",TAV XXXIII,33,"SU 135,2",TAV_XXXIII,TAV_XXXIII/Degli_Espositi_74_SU_135.png,"STI; SU 135,2 STI; SU 087,2 STI; SU 088,1",BOTTOM,RIGHT,Degli_Espositi,2- Capp.4-5-6+bibliografia.pdf
Degli_Espositi_75.png,FRAG,Umm an-Nar / Prima Eta del Bronzo,"p. 75 (Fig. 79, SU 87)",TAV XXXIII,33,,TAV_XXXIII,TAV_XXXIII/Degli_Espositi_75.png,"STI; SU 087,2 5 cm 268",TOP,RIGHT,Degli_Espositi,2- Capp.4-5-6+bibliografia.pdf
Degli_Espositi_76_SU_087.png,FRAG,Umm an-Nar / Prima Eta del Bronzo,"p. 75 (Fig. 79, SU 87)",TAV XXXIII,33,"SU 087,2",TAV_XXXIII,TAV_XXXIII/Degli_Espositi_76_SU_087.png,"STI; SU 087,2 STI; SU 088,1 5 cm",BOTTOM,RIGHT,Degli_Espositi,2- Capp.4-5-6+bibliografia.pdf
Degli_Espositi_77.png,FRAG,Umm an-Nar / Prima Eta del Bronzo,p. 83 (Cap. 4.9),TAV XXXIV,34,,TAV_XXXIV,TAV_XXXIV/Degli_Espositi_77.png,ST1 - F34 ST1 - F3 F55,TOP,RIGHT,Degli_Espositi,2- Capp.4-5-6+bibliografia.pdf
Degli_Espositi_78.png,FRAG,Umm an-Nar / Prima Eta del Bronzo,p. 83 (Cap. 4.9),TAV XXXIV,34,,TAV_XXXIV,TAV_XXXIV/Degli_Espositi_78.png,F55 ST1 ST1,TOP,RIGHT,Degli_Espositi,2- Capp.4-5-6+bibliografia.pdf
Degli_Espositi_79.png,FRAG,Umm an-Nar / Prima Eta del Bronzo,p. 83 (Cap. 4.9),TAV XXXIV,34,,TAV_XXXIV,TAV_XXXIV/Degli_Espositi_79.png,ST1 F54 ST1 - F4,TOP,RIGHT,Degli_Espositi,2- Capp.4-5-6+bibliografia.pdf
Degli_Espositi_80.png,FRAG,Umm an-Nar / Prima Eta del Bronzo,p. 83 (Cap. 4.9),TAV XXXIV,34,,TAV_XXXIV,TAV_XXXIV/Degli_Espositi_80.png,ST1 - F4 5cm ST1,TOP,RIGHT,Degli_Espositi,2- Capp.4-5-6+bibliografia.pdf
Degli_Espositi_81.png,FRAG,Umm an-Nar / Prima Eta del Bronzo,p. 83 (Cap. 4.9),TAV XXXIV,34,,TAV_XXXIV,TAV_XXXIV/Degli_Espositi_81.png,5cm 269 ST1 - F4,TOP,RIGHT,Degli_Espositi,2- Capp.4-5-6+bibliografia.pdf
Degli_Espositi_82_14.png,FRAG,Wadi Suq (2000-1600 a.C.),"pp. 117, 120 (Cap. 5.5)",TAV XLVIII,48,14,TAV_XLVIII,TAV_XLVIII/Degli_Espositi_82_14.png,14 283 12,TOP,RIGHT,Degli_Espositi,2- Capp.4-5-6+bibliografia.pdf
Degli_Espositi_83.png,FRAG,Wadi Suq (2000-1600 a.C.),p. 120 (Cap. 5.5),TAV XLIX,49,,TAV_XLIX,TAV_XLIX/Degli_Espositi_83.png,16 17 Jebel Salut 2,TOP,RIGHT,Degli_Espositi,2- Capp.4-5-6+bibliografia.pdf
Degli_Espositi_84.png,FRAG,Wadi Suq (2000-1600 a.C.),p. 120 (Cap. 5.5),TAV XLIX,49,,TAV_XLIX,TAV_XLIX/Degli_Espositi_84.png,17 15 Jebel Salut 2,TOP,RIGHT,Degli_Espositi,2- Capp.4-5-6+bibliografia.pdf
Degli_Espositi_85.png,FRAG,Wadi Suq (2000-1600 a.C.),p. 120 (Cap. 5.5),TAV XLIX,49,,TAV_XLIX,TAV_XLIX/Degli_Espositi_85.png,18 16 15,TOP,RIGHT,Degli_Espositi,2- Capp.4-5-6+bibliografia.pdf
Degli_Espositi_86.png,FRAG,Wadi Suq (2000-1600 a.C.),p. 120 (Cap. 5.5),TAV XLIX,49,,TAV_XLIX,TAV_XLIX/Degli_Espositi_86.png,19 284 18,TOP,RIGHT,Degli_Espositi,2- Capp.4-5-6+bibliografia.pdf
Degli_Espositi_87.png,FRAG,Wadi Suq (2000-1600 a.C.),p. 120 (Cap. 5.5),TAVL,50,,TAVL,TAVL/Degli_Espositi_87.png,Grave 2: giare Jebel Salut 2 TAVL,TOP,RIGHT,Degli_Espositi,2- Capp.4-5-6+bibliografia.pdf
Degli_Espositi_88.png,FRAG,Wadi Suq (2000-1600 a.C.),p. 120 (Cap. 5.5),TAVL,50,,TAVL,TAVL/Degli_Espositi_88.png,21 285 20,TOP,RIGHT,Degli_Espositi,2- Capp.4-5-6+bibliografia.pdf
Degli_Espositi_89.png,FRAG,Wadi Suq (2000-1600 a.C.),p. 104 (Grave 2-3),TAV LII,52,,TAV_LII,TAV_LII/Degli_Espositi_89.png,37 38 ceramica,TOP,RIGHT,Degli_Espositi,2- Capp.4-5-6+bibliografia.pdf
Degli_Espositi_90_38.png,FRAG,Wadi Suq (2000-1600 a.C.),p. 104 (Grave 2-3),TAV LII,52,38,TAV_LII,TAV_LII/Degli_Espositi_90_38.png,38 37 36,TOP,RIGHT,Degli_Espositi,2- Capp.4-5-6+bibliografia.pdf
Degli_Espositi_91.png,FRAG,Wadi Suq (2000-1600 a.C.),p. 104 (Grave 2-3),TAV LII,52,,TAV_LII,TAV_LII/Degli_Espositi_91.png,38 37 36,TOP,RIGHT,Degli_Espositi,2- Capp.4-5-6+bibliografia.pdf
Degli_Espositi_92.png,FRAG,Wadi Suq (2000-1600 a.C.),"pp. 104, 119 (Grave 3)",TAV LIII,53,,TAV_LIII,TAV_LIII/Degli_Espositi_92.png,42 43 Jebel Salut 2,TOP,RIGHT,Degli_Espositi,2- Capp.4-5-6+bibliografia.pdf
Degli_Espositi_93.png,FRAG,Wadi Suq (2000-1600 a.C.),"pp. 104, 119 (Grave 3)",TAV LIII,53,,TAV_LIII,TAV_LIII/Degli_Espositi_93.png,43 41 Jebel Salut 2,TOP,RIGHT,Degli_Espositi,2- Capp.4-5-6+bibliografia.pdf
Degli_Espositi_94.png,FRAG,Wadi Suq (2000-1600 a.C.),"pp. 104, 119 (Grave 3)",TAV LIII,53,,TAV_LIII,TAV_LIII/Degli_Espositi_94.png,44 42 41,TOP,RIGHT,Degli_Espositi,2- Capp.4-5-6+bibliografia.pdf
Degli_Espositi_95.png,FRAG,Wadi Suq (2000-1600 a.C.),"pp. 104, 119 (Grave 3)",TAV LIII,53,,TAV_LIII,TAV_LIII/Degli_Espositi_95.png,45 43 42,TOP,RIGHT,Degli_Espositi,2- Capp.4-5-6+bibliografia.pdf
Degli_Espositi_96.png,FRAG,Wadi Suq (2000-1600 a.C.),"pp. 104, 119 (Grave 3)",TAV LIII,53,,TAV_LIII,TAV_LIII/Degli_Espositi_96.png,288 44 45,BOTTOM,RIGHT,Degli_Espositi,2- Capp.4-5-6+bibliografia.pdf
Degli_Espositi_97_48.png,ENT,Wadi Suq (2000-1600 a.C.),p. 119 (decorazione Wadi Suq),TAV LIV,54,48,TAV_LIV,TAV_LIV/Degli_Espositi_97_48.png,48 49 Grave 5: ceramica dipinta,TOP,RIGHT,Degli_Espositi,2- Capp.4-5-6+bibliografia.pdf
Degli_Espositi_98.png,FRAG,Wadi Suq (2000-1600 a.C.),p. 119 (decorazione Wadi Suq),TAV LIV,54,,TAV_LIV,TAV_LIV/Degli_Espositi_98.png,52 289 50,TOP,RIGHT,Degli_Espositi,2- Capp.4-5-6+bibliografia.pdf
Degli_Espositi_99_52.png,FRAG,Wadi Suq (2000-1600 a.C.),p. 119 (decorazione Wadi Suq),TAV LIV,54,52,TAV_LIV,TAV_LIV/Degli_Espositi_99_52.png,52 289 51,TOP,RIGHT,Degli_Espositi,2- Capp.4-5-6+bibliografia.pdf
Degli_Espositi_100_63.png,FRAG,Wadi Suq (2000-1600 a.C.),pp. 119-120 (Cap. 5.5),TAV LVI,56,63,TAV_LVI,TAV_LVI/Degli_Espositi_100_63.png,63 64 65,TOP,RIGHT,Degli_Espositi,2- Capp.4-5-6+bibliografia.pdf
Degli_Espositi_101_64.png,ENT,Wadi Suq (2000-1600 a.C.),pp. 119-120 (Cap. 5.5),TAV LVI,56,64,TAV_LVI,TAV_LVI/Degli_Espositi_101_64.png,64 65 291,TOP,RIGHT,Degli_Espositi,2- Capp.4-5-6+bibliografia.pdf
Degli_Espositi_102.png,FRAG,Wadi Suq (2000-1600 a.C.),pp. 119-120 (Cap. 5.5),TAV LVI,56,,TAV_LVI,TAV_LVI/Degli_Espositi_102.png,291 64 63,TOP,RIGHT,Degli_Espositi,2- Capp.4-5-6+bibliografia.pdf
Degli_Espositi_103.png,FRAG,Wadi Suq / JSS 1a,p. 121 (JSS 1a),TAV LXI,61,,TAV_LXI,TAV_LXI/Degli_Espositi_103.png,JSS 1a TAV LXI,TOP,RIGHT,Degli_Espositi,2- Capp.4-5-6+bibliografia.pdf
Degli_Espositi_104.png,FRAG,Wadi Suq / JSS 1a,p. 121 (JSS 1a),TAV LXI,61,,TAV_LXI,TAV_LXI/Degli_Espositi_104.png,JSS 1a TAV LXI,TOP,RIGHT,Degli_Espositi,2- Capp.4-5-6+bibliografia.pdf
Degli_Espositi_105.png,FRAG,Wadi Suq / JSS 1a,p. 121 (JSS 1a),TAV LXI,61,,TAV_LXI,TAV_LXI/Degli_Espositi_105.png,"TS,20 11 5cm",TOP,RIGHT,Degli_Espositi,2- Capp.4-5-6+bibliografia.pdf
Degli_Espositi_106.png,FRAG,Wadi Suq / JSS 1a,p. 121 (JSS 1a),TAV LXI,61,,TAV_LXI,TAV_LXI/Degli_Espositi_106.png,JSS 1a TAV LXI,TOP,RIGHT,Degli_Espositi,2- Capp.4-5-6+bibliografia.pdf
Degli_Espositi_107.png,FRAG,Wadi Suq / JSS 1a,p. 121 (JSS 1a),TAV LXI,61,,TAV_LXI,TAV_LXI/Degli_Espositi_107.png,JSS 1a TAV LXI,TOP,RIGHT,Degli_Espositi,2- Capp.4-5-6+bibliografia.pdf
Degli_Espositi_108.png,FRAG,Wadi Suq / JSS 1a,p. 121 (JSS 1a),TAV LXI,61,,TAV_LXI,TAV_LXI/Degli_Espositi_108.png,10 JSS 1a,TOP,RIGHT,Degli_Espositi,2- Capp.4-5-6+bibliografia.pdf
Degli_Espositi_109.png,FRAG,Wadi Suq / JSS 1a,p. 121 (JSS 1a),TAV LXI,61,,TAV_LXI,TAV_LXI/Degli_Espositi_109.png,10 JSS 1a,TOP,RIGHT,Degli_Espositi,2- Capp.4-5-6+bibliografia.pdf
Degli_Espositi_110.png,FRAG,Wadi Suq / JSS 1a,p. 121 (JSS 1a),TAV LXI,61,,TAV_LXI,TAV_LXI/Degli_Espositi_110.png,"10 12 TS,20",TOP,RIGHT,Degli_Espositi,2- Capp.4-5-6+bibliografia.pdf
Degli_Espositi_111.png,FRAG,Wadi Suq / JSS 1a,p. 121 (JSS 1a),TAV LXI,61,,TAV_LXI,TAV_LXI/Degli_Espositi_111.png,"10 12 TS,20",TOP,RIGHT,Degli_Espositi,2- Capp.4-5-6+bibliografia.pdf
Degli_Espositi_112_10.png,FRAG,Wadi Suq / JSS 1a,p. 121 (JSS 1a),TAV LXI,61,10,TAV_LXI,TAV_LXI/Degli_Espositi_112_10.png,"10 12 TS,20",TOP,RIGHT,Degli_Espositi,2- Capp.4-5-6+bibliografia.pdf
Degli_Espositi_113_11.png,FRAG,Wadi Suq / JSS 1a,p. 121 (JSS 1a),TAV LXI,61,11,TAV_LXI,TAV_LXI/Degli_Espositi_113_11.png,11 296 10,TOP,RIGHT,Degli_Espositi,2- Capp.4-5-6+bibliografia.pdf
Degli_Espositi_114.png,FRAG,Wadi Suq / JSS 1b (2000-1600 a.C.),p. 121 (JSS 1b),TAV LXII,62,,TAV_LXII,TAV_LXII/Degli_Espositi_114.png,19 15 JSS Ib,TOP,RIGHT,Degli_Espositi,2- Capp.4-5-6+bibliografia.pdf
Degli_Espositi_115.png,FRAG,Wadi Suq / JSS 1b (2000-1600 a.C.),p. 121 (JSS 1b),TAV LXII,62,,TAV_LXII,TAV_LXII/Degli_Espositi_115.png,19 15 20,TOP,RIGHT,Degli_Espositi,2- Capp.4-5-6+bibliografia.pdf
Degli_Espositi_116.png,FRAG,Wadi Suq / JSS 1b (2000-1600 a.C.),p. 121 (JSS 1b),TAV LXII,62,,TAV_LXII,TAV_LXII/Degli_Espositi_116.png,15 20 16,TOP,RIGHT,Degli_Espositi,2- Capp.4-5-6+bibliografia.pdf
Degli_Espositi_117_15.png,FRAG,Wadi Suq / JSS 1b (2000-1600 a.C.),p. 121 (JSS 1b),TAV LXII,62,15,TAV_LXII,TAV_LXII/Degli_Espositi_117_15.png,15 20 16,TOP,RIGHT,Degli_Espositi,2- Capp.4-5-6+bibliografia.pdf
Degli_Espositi_118_20.png,FRAG,Wadi Suq / JSS 1b (2000-1600 a.C.),p. 121 (JSS 1b),TAV LXII,62,20,TAV_LXII,TAV_LXII/Degli_Espositi_118_20.png,20 16 5cm,TOP,RIGHT,Degli_Espositi,2- Capp.4-5-6+bibliografia.pdf
Degli_Espositi_119_16.png,FRAG,Wadi Suq / JSS 1b (2000-1600 a.C.),p. 121 (JSS 1b),TAV LXII,62,16,TAV_LXII,TAV_LXII/Degli_Espositi_119_16.png,16 5cm 18,TOP,RIGHT,Degli_Espositi,2- Capp.4-5-6+bibliografia.pdf
Degli_Espositi_120.png,FRAG,Wadi Suq / JSS 1b (2000-1600 a.C.),p. 121 (JSS 1b),TAV LXII,62,,TAV_LXII,TAV_LXII/Degli_Espositi_120.png,18 5cm 5cm,TOP,RIGHT,Degli_Espositi,2- Capp.4-5-6+bibliografia.pdf
Degli_Espositi_121_18.png,FRAG,Wadi Suq / JSS 1b (2000-1600 a.C.),p. 121 (JSS 1b),TAV LXII,62,18,TAV_LXII,TAV_LXII/Degli_Espositi_121_18.png,18 5cm 297,TOP,RIGHT,Degli_Espositi,2- Capp.4-5-6+bibliografia.pdf
Degli_Espositi_122.png,FRAG,Wadi Suq / JSS 2,p. 121 (JSS 2),TAV LXIII,63,,TAV_LXIII,TAV_LXIII/Degli_Espositi_122.png,22 23 JSS 2,TOP,RIGHT,Degli_Espositi,2- Capp.4-5-6+bibliografia.pdf
Degli_Espositi_123.png,FRAG,Wadi Suq / JSS 2,p. 121 (JSS 2),TAV LXIII,63,,TAV_LXIII,TAV_LXIII/Degli_Espositi_123.png,23 24 21,TOP,RIGHT,Degli_Espositi,2- Capp.4-5-6+bibliografia.pdf
Degli_Espositi_124.png,FRAG,Wadi Suq / JSS 2,p. 121 (JSS 2),TAV LXIII,63,,TAV_LXIII,TAV_LXIII/Degli_Espositi_124.png,24 25 5cm,TOP,RIGHT,Degli_Espositi,2- Capp.4-5-6+bibliografia.pdf
Degli_Espositi_125.png,FRAG,Wadi Suq / JSS 2,p. 121 (JSS 2),TAV LXIII,63,,TAV_LXIII,TAV_LXIII/Degli_Espositi_125.png,25 5cm 23,TOP,RIGHT,Degli_Espositi,2- Capp.4-5-6+bibliografia.pdf
Degli_Espositi_126.png,FRAG,Wadi Suq / JSS 2,p. 121 (JSS 2),TAV LXIII,63,,TAV_LXIII,TAV_LXIII/Degli_Espositi_126.png,5cm 298 24,TOP,RIGHT,Degli_Espositi,2- Capp.4-5-6+bibliografia.pdf
Degli_Espositi_127_26.png,FRAG,Wadi Suq / JSS 2,p. 121 (JSS 2),TAV LXIV,64,26,TAV_LXIV,TAV_LXIV/Degli_Espositi_127_26.png,26 34 35,TOP,RIGHT,Degli_Espositi,2- Capp.4-5-6+bibliografia.pdf
Degli_Espositi_128.png,FRAG,Wadi Suq / JSS 2,p. 121 (JSS 2),TAV LXIV,64,,TAV_LXIV,TAV_LXIV/Degli_Espositi_128.png,35 28 36,TOP,RIGHT,Degli_Espositi,2- Capp.4-5-6+bibliografia.pdf
Degli_Espositi_129.png,FRAG,Wadi Suq / JSS 2,p. 121 (JSS 2),TAV LXIV,64,,TAV_LXIV,TAV_LXIV/Degli_Espositi_129.png,32 33 5cm,TOP,RIGHT,Degli_Espositi,2- Capp.4-5-6+bibliografia.pdf
Degli_Espositi_130_31.png,FRAG,Wadi Suq / JSS 2,p. 121 (JSS 2),TAV LXIV,64,31,TAV_LXIV,TAV_LXIV/Degli_Espositi_130_31.png,31 32 33,TOP,RIGHT,Degli_Espositi,2- Capp.4-5-6+bibliografia.pdf
Degli_Espositi_131.png,FRAG,Wadi Suq / JSS 2,p. 121 (JSS 2),TAV LXIV,64,,TAV_LXIV,TAV_LXIV/Degli_Espositi_131.png,33 5cm 299,TOP,RIGHT,Degli_Espositi,2- Capp.4-5-6+bibliografia.pdf
Degli_Espositi_132.png,FRAG,Wadi Suq / JSS 2,p. 121 (JSS 2),TAV LXIV,64,,TAV_LXIV,TAV_LXIV/Degli_Espositi_132.png,5cm 299 32,TOP,RIGHT,Degli_Espositi,2- Capp.4-5-6+bibliografia.pdf
Degli_Espositi_133.png,FRAG,Wadi Suq / JSS 2,p. 121 (JSS 2),TAV LXIV,64,,TAV_LXIV,TAV_LXIV/Degli_Espositi_133.png,35 28 36,TOP,RIGHT,Degli_Espositi,2- Capp.4-5-6+bibliografia.pdf
Degli_Espositi_134_28.png,FRAG,Wadi Suq / JSS 2,p. 121 (JSS 2),TAV LXIV,64,28,TAV_LXIV,TAV_LXIV/Degli_Espositi_134_28.png,28 36 29,TOP,RIGHT,Degli_Espositi,2- Capp.4-5-6+bibliografia.pdf
Degli_Espositi_135_35.png,FRAG,Wadi Suq / JSS 2,p. 121 (JSS 2),TAV LXIV,64,35,TAV_LXIV,TAV_LXIV/Degli_Espositi_135_35.png,35 36 29,TOP,RIGHT,Degli_Espositi,2- Capp.4-5-6+bibliografia.pdf
Degli_Espositi_136_29.png,FRAG,Wadi Suq / JSS 2,p. 121 (JSS 2),TAV LXIV,64,29,TAV_LXIV,TAV_LXIV/Degli_Espositi_136_29.png,29 30 38,TOP,RIGHT,Degli_Espositi,2- Capp.4-5-6+bibliografia.pdf
Degli_Espositi_137.png,FRAG,Wadi Suq / JSS 2,p. 121 (JSS 2),TAV LXIV,64,,TAV_LXIV,TAV_LXIV/Degli_Espositi_137.png,29 37 30,TOP,RIGHT,Degli_Espositi,2- Capp.4-5-6+bibliografia.pdf
Degli_Espositi_138.png,FRAG,Wadi Suq / JSS 2,p. 121 (JSS 2),TAV LXIV,64,,TAV_LXIV,TAV_LXIV/Degli_Espositi_138.png,30 38 39,TOP,RIGHT,Degli_Espositi,2- Capp.4-5-6+bibliografia.pdf
Degli_Espositi_139.png,FRAG,Wadi Suq / JSS 2,p. 121 (JSS 2),TAV LXIV,64,,TAV_LXIV,TAV_LXIV/Degli_Espositi_139.png,39 31 32,TOP,RIGHT,Degli_Espositi,2- Capp.4-5-6+bibliografia.pdf
Degli_Espositi_140_38.png,FRAG,Wadi Suq / JSS 2,p. 121 (JSS 2),TAV LXIV,64,38,TAV_LXIV,TAV_LXIV/Degli_Espositi_140_38.png,38 39 31,TOP,RIGHT,Degli_Espositi,2- Capp.4-5-6+bibliografia.pdf
Degli_Espositi_141.png,FRAG,Wadi Suq / JSS 3,p. 121 (JSS 3),TAV LXV,65,,TAV_LXV,TAV_LXV/Degli_Espositi_141.png,42 43 JSS 3,BOTTOM,RIGHT,Degli_Espositi,2- Capp.4-5-6+bibliografia.pdf
Degli_Espositi_142.png,FRAG,Wadi Suq / JSS 3,p. 121 (JSS 3),TAV LXV,65,,TAV_LXV,TAV_LXV/Degli_Espositi_142.png,42 43 JSS 3,TOP,RIGHT,Degli_Espositi,2- Capp.4-5-6+bibliografia.pdf
Degli_Espositi_143.png,FRAG,Wadi Suq / JSS 3,p. 121 (JSS 3),TAV LXV,65,,TAV_LXV,TAV_LXV/Degli_Espositi_143.png,43 45 40,TOP,RIGHT,Degli_Espositi,2- Capp.4-5-6+bibliografia.pdf
Degli_Espositi_144.png,FRAG,Wadi Suq / JSS 3,p. 121 (JSS 3),TAV LXV,65,,TAV_LXV,TAV_LXV/Degli_Espositi_144.png,45 46 42,TOP,RIGHT,Degli_Espositi,2- Capp.4-5-6+bibliografia.pdf
Degli_Espositi_145.png,FRAG,Wadi Suq / JSS 3,p. 121 (JSS 3),TAV LXV,65,,TAV_LXV,TAV_LXV/Degli_Espositi_145.png,45 46 43,TOP,RIGHT,Degli_Espositi,2- Capp.4-5-6+bibliografia.pdf
Degli_Espositi_146_45.png,FRAG,Wadi Suq / JSS 3,p. 121 (JSS 3),TAV LXV,65,45,TAV_LXV,TAV_LXV/Degli_Espositi_146_45.png,45 46 43,TOP,RIGHT,Degli_Espositi,2- Capp.4-5-6+bibliografia.pdf
Degli_Espositi_147.png,FRAG,Wadi Suq / JSS 3,p. 121 (JSS 3),TAV LXV,65,,TAV_LXV,TAV_LXV/Degli_Espositi_147.png,5cm 45 43,TOP,RIGHT,Degli_Espositi,2- Capp.4-5-6+bibliografia.pdf
Degli_Espositi_148.png,FRAG,Wadi Suq / JSS 3,p. 121 (JSS 3),TAV LXV,65,,TAV_LXV,TAV_LXV/Degli_Espositi_148.png,5cm 300 46,TOP,RIGHT,Degli_Espositi,2- Capp.4-5-6+bibliografia.pdf
Degli_Espositi_149_48.png,FRAG,Wadi Suq / JSS 3,p. 121 (JSS 3),TAV LXVI,66,48,TAV_LXVI,TAV_LXVI/Degli_Espositi_149_48.png,48 49 50,TOP,RIGHT,Degli_Espositi,2- Capp.4-5-6+bibliografia.pdf
Degli_Espositi_150_49.png,FRAG,Wadi Suq / JSS 3,p. 121 (JSS 3),TAV LXVI,66,49,TAV_LXVI,TAV_LXVI/Degli_Espositi_150_49.png,49 50 51,TOP,RIGHT,Degli_Espositi,2- Capp.4-5-6+bibliografia.pdf
Degli_Espositi_151_51.png,FRAG,Wadi Suq / JSS 3,p. 121 (JSS 3),TAV LXVI,66,51,TAV_LXVI,TAV_LXVI/Degli_Espositi_151_51.png,51 52 5cm,TOP,RIGHT,Degli_Espositi,2- Capp.4-5-6+bibliografia.pdf
Degli_Espositi_152.png,FRAG,Wadi Suq / JSS 3,p. 121 (JSS 3),TAV LXVI,66,,TAV_LXVI,TAV_LXVI/Degli_Espositi_152.png,5cm 301 51,TOP,RIGHT,Degli_Espositi,2- Capp.4-5-6+bibliografia.pdf
Degli_Espositi_153.png,FRAG,Eta del Bronzo / Survey Site 1,"p. 129 (Cap. 6.1, SS1)",TAV LXVII,67,,TAV_LXVII,TAV_LXVII/Degli_Espositi_153.png,Survey Site 1 TAV LXVII,TOP,RIGHT,Degli_Espositi,2- Capp.4-5-6+bibliografia.pdf
Degli_Espositi_154.png,FRAG,Eta del Bronzo / Survey Site 1,"p. 129 (Cap. 6.1, SS1)",TAV LXVII,67,,TAV_LXVII,TAV_LXVII/Degli_Espositi_154.png,Survey Site 1,TOP,RIGHT,Degli_Espositi,2- Capp.4-5-6+bibliografia.pdf
Degli_Espositi_155.png,FRAG,Eta del Bronzo / Survey Site 1,"p. 129 (Cap. 6.1, SS1)",TAV LXVII,67,,TAV_LXVII,TAV_LXVII/Degli_Espositi_155.png,,TOP,RIGHT,Degli_Espositi,2- Capp.4-5-6+bibliografia.pdf
Degli_Espositi_156.png,FRAG,Eta del Bronzo / Survey Site 1,"p. 129 (Cap. 6.1, SS1)",TAV LXVII,67,,TAV_LXVII,TAV_LXVII/Degli_Espositi_156.png,5 cm,TOP,RIGHT,Degli_Espositi,2- Capp.4-5-6+bibliografia.pdf
Degli_Espositi_157.png,FRAG,Eta del Bronzo / Survey Site 1,"p. 129 (Cap. 6.1, SS1)",TAV LXVII,67,,TAV_LXVII,TAV_LXVII/Degli_Espositi_157.png,5 cm 302,TOP,RIGHT,Degli_Espositi,2- Capp.4-5-6+bibliografia.pdf
Degli_Espositi_158.png,FRAG,Eta del Bronzo / Survey Site 2,"p. 129 (Cap. 6.1, SS2)",TAV LXVIII,68,,TAV_LXVIII,TAV_LXVIII/Degli_Espositi_158.png,8 Survey Site 2 TAV LXVIII,TOP,RIGHT,Degli_Espositi,2- Capp.4-5-6+bibliografia.pdf
Degli_Espositi_159.png,FRAG,Eta del Bronzo / Survey Site 2,"p. 129 (Cap. 6.1, SS2)",TAV LXVIII,68,,TAV_LXVIII,TAV_LXVIII/Degli_Espositi_159.png,8 Survey Site 2 TAV LXVIII,TOP,RIGHT,Degli_Espositi,2- Capp.4-5-6+bibliografia.pdf
Degli_Espositi_160.png,FRAG,Eta del Bronzo / Survey Site 2,"p. 129 (Cap. 6.1, SS2)",TAV LXVIII,68,,TAV_LXVIII,TAV_LXVIII/Degli_Espositi_160.png,10 8 Survey Site 2,TOP,RIGHT,Degli_Espositi,2- Capp.4-5-6+bibliografia.pdf
Degli_Espositi_161.png,FRAG,Eta del Bronzo / Survey Site 2,"p. 129 (Cap. 6.1, SS2)",TAV LXVIII,68,,TAV_LXVIII,TAV_LXVIII/Degli_Espositi_161.png,5 cm 303 10,TOP,RIGHT,Degli_Espositi,2- Capp.4-5-6+bibliografia.pdf
Degli_Espositi_162.png,FRAG,Eta del Bronzo / Survey Site 3,"p. 129 (Cap. 6.1, SS3)",TAV LXIX,69,,TAV_LXIX,TAV_LXIX/Degli_Espositi_162.png,19 20 21,TOP,RIGHT,Degli_Espositi,2- Capp.4-5-6+bibliografia.pdf
Degli_Espositi_163.png,FRAG,Eta del Bronzo / Survey Site 3,"p. 129 (Cap. 6.1, SS3)",TAV LXIX,69,,TAV_LXIX,TAV_LXIX/Degli_Espositi_163.png,22 5 cm 20,TOP,RIGHT,Degli_Espositi,2- Capp.4-5-6+bibliografia.pdf
Degli_Espositi_164_22.png,FRAG,Eta del Bronzo / Survey Site 3,"p. 129 (Cap. 6.1, SS3)",TAV LXIX,69,22,TAV_LXIX,TAV_LXIX/Degli_Espositi_164_22.png,22 5 cm 304,TOP,RIGHT,Degli_Espositi,2- Capp.4-5-6+bibliografia.pdf
Degli_Espositi_165.png,FRAG,Eta del Bronzo / Survey Site 3,"p. 129 (Cap. 6.1, SS3)",TAV LXX,70,,TAV_LXX,TAV_LXX/Degli_Espositi_165.png,5 cm 25 26,BOTTOM,LEFT,Degli_Espositi,2- Capp.4-5-6+bibliografia.pdf
Degli_Espositi_166_25.png,FRAG,Eta del Bronzo / Survey Site 3,"p. 129 (Cap. 6.1, SS3)",TAV LXX,70,25,TAV_LXX,TAV_LXX/Degli_Espositi_166_25.png,25 26 5 cm,TOP,RIGHT,Degli_Espositi,2- Capp.4-5-6+bibliografia.pdf
Degli_Espositi_167.png,FRAG,Eta del Bronzo / Survey Site 3,"p. 129 (Cap. 6.1, SS3)",TAV LXX,70,,TAV_LXX,TAV_LXX/Degli_Espositi_167.png,5 cm 25 5 cm,TOP,RIGHT,Degli_Espositi,2- Capp.4-5-6+bibliografia.pdf
Degli_Espositi_168_35.png,FRAG,Eta del Bronzo / Survey Site 3,"p. 129 (Cap. 6.1, SS3)",TAV LXXI,71,35,TAV_LXXI,TAV_LXXI/Degli_Espositi_168_35.png,35 36 37,TOP,RIGHT,Degli_Espositi,2- Capp.4-5-6+bibliografia.pdf
Degli_Espositi_169_36.png,FRAG,Eta del Bronzo / Survey Site 3,"p. 129 (Cap. 6.1, SS3)",TAV LXXI,71,36,TAV_LXXI,TAV_LXXI/Degli_Espositi_169_36.png,36 37 38,TOP,RIGHT,Degli_Espositi,2- Capp.4-5-6+bibliografia.pdf
Degli_Espositi_170.png,FRAG,Eta del Bronzo / Survey Site 3,"p. 129 (Cap. 6.1, SS3)",TAV LXXI,71,,TAV_LXXI,TAV_LXXI/Degli_Espositi_170.png,38 39 36,TOP,RIGHT,Degli_Espositi,2- Capp.4-5-6+bibliografia.pdf
Degli_Espositi_171.png,FRAG,Eta del Bronzo / Survey Site 3,"p. 129 (Cap. 6.1, SS3)",TAV LXXI,71,,TAV_LXXI,TAV_LXXI/Degli_Espositi_171.png,39 40 5 cm,TOP,RIGHT,Degli_Espositi,2- Capp.4-5-6+bibliografia.pdf
Degli_Espositi_172_39.png,FRAG,Eta del Bronzo / Survey Site 3,"p. 129 (Cap. 6.1, SS3)",TAV LXXI,71,39,TAV_LXXI,TAV_LXXI/Degli_Espositi_172_39.png,39 40 5 cm,TOP,RIGHT,Degli_Espositi,2- Capp.4-5-6+bibliografia.pdf
Degli_Espositi_173_40.png,FRAG,Eta del Bronzo / Survey Site 3,"p. 129 (Cap. 6.1, SS3)",TAV LXXI,71,40,TAV_LXXI,TAV_LXXI/Degli_Espositi_173_40.png,40 5 cm 306,TOP,RIGHT,Degli_Espositi,2- Capp.4-5-6+bibliografia.pdf
Degli_Espositi_174.png,FRAG,Eta del Bronzo / Survey Site 4,"p. 129 (Cap. 6.1, SS4)",TAV LXXII,72,,TAV_LXXII,TAV_LXXII/Degli_Espositi_174.png,42 43 Survey site 4,TOP,RIGHT,Degli_Espositi,2- Capp.4-5-6+bibliografia.pdf
Degli_Espositi_175_42.png,FRAG,Eta del Bronzo / Survey Site 4,"p. 129 (Cap. 6.1, SS4)",TAV LXXII,72,42,TAV_LXXII,TAV_LXXII/Degli_Espositi_175_42.png,42 43 5 cm,TOP,RIGHT,Degli_Espositi,2- Capp.4-5-6+bibliografia.pdf
Degli_Espositi_176.png,FRAG,Eta del Bronzo / Survey Site 4,"p. 129 (Cap. 6.1, SS4)",TAV LXXII,72,,TAV_LXXII,TAV_LXXII/Degli_Espositi_176.png,5 cm 42 Survey site 4,TOP,LEFT,Degli_Espositi,2- Capp.4-5-6+bibliografia.pdf
Degli_Espositi_177.png,FRAG,Eta del Bronzo / Survey Site 4,"p. 129 (Cap. 6.1, SS4)",TAV LXXII,72,,TAV_LXXII,TAV_LXXII/Degli_Espositi_177.png,5 cm 45 43,TOP,RIGHT,Degli_Espositi,2- Capp.4-5-6+bibliografia.pdf
Degli_Espositi_178.png,FRAG,Eta del Bronzo / Survey Site 5,"p. 129 (Cap. 6.1, SS5)",TAV LXXIII,73,,TAV_LXXIII,TAV_LXXIII/Degli_Espositi_178.png,48 Survey Site 5 TAV LXXIII,TOP,RIGHT,Degli_Espositi,2- Capp.4-5-6+bibliografia.pdf
Degli_Espositi_179_48.png,FRAG,Eta del Bronzo / Survey Site 5,"p. 129 (Cap. 6.1, SS5)",TAV LXXIII,73,48,TAV_LXXIII,TAV_LXXIII/Degli_Espositi_179_48.png,48 49 47,TOP,RIGHT,Degli_Espositi,2- Capp.4-5-6+bibliografia.pdf
Degli_Espositi_180_49.png,FRAG,Eta del Bronzo / Survey Site 5,"p. 129 (Cap. 6.1, SS5)",TAV LXXIII,73,49,TAV_LXXIII,TAV_LXXIII/Degli_Espositi_180_49.png,49 50 48,TOP,RIGHT,Degli_Espositi,2- Capp.4-5-6+bibliografia.pdf
Degli_Espositi_181_50.png,FRAG,Eta del Bronzo / Survey Site 5,"p. 129 (Cap. 6.1, SS5)",TAV LXXIII,73,50,TAV_LXXIII,TAV_LXXIII/Degli_Espositi_181_50.png,50 5 cm 49,TOP,RIGHT,Degli_Espositi,2- Capp.4-5-6+bibliografia.pdf
Degli_Espositi_182.png,FRAG,Eta del Bronzo / Survey Site 6,"p. 129 (Cap. 6.1, SS6)",TAV LXXIV,74,,TAV_LXXIV,TAV_LXXIV/Degli_Espositi_182.png,53 (d. >30 cm) 54,TOP,RIGHT,Degli_Espositi,2- Capp.4-5-6+bibliografia.pdf
Degli_Espositi_183_53.png,FRAG,Eta del Bronzo / Survey Site 6,"p. 129 (Cap. 6.1, SS6)",TAV LXXIV,74,53,TAV_LXXIV,TAV_LXXIV/Degli_Espositi_183_53.png,53 54 (d. > 35 cm),TOP,RIGHT,Degli_Espositi,2- Capp.4-5-6+bibliografia.pdf
Degli_Espositi_184.png,FRAG,Eta del Bronzo / Survey Site 6,"p. 129 (Cap. 6.1, SS6)",TAV LXXIV,74,,TAV_LXXIV,TAV_LXXIV/Degli_Espositi_184.png,55 53 (d. >30 cm),TOP,RIGHT,Degli_Espositi,2- Capp.4-5-6+bibliografia.pdf
Degli_Espositi_185.png,FRAG,Eta del Bronzo / Survey Site 6,"p. 129 (Cap. 6.1, SS6)",TAV LXXIV,74,,TAV_LXXIV,TAV_LXXIV/Degli_Espositi_185.png,56 5 cm 54,TOP,RIGHT,Degli_Espositi,2- Capp.4-5-6+bibliografia.pdf
Degli_Espositi_186.png,FRAG,Eta del Bronzo / Survey Site 6,"p. 129 (Cap. 6.1, SS6)",TAV LXXIV,74,,TAV_LXXIV,TAV_LXXIV/Degli_Espositi_186.png,5 cm 309 55,TOP,RIGHT,Degli_Espositi,2- Capp.4-5-6+bibliografia.pdf
Degli_Espositi_187_57.png,FRAG,Eta del Bronzo / Survey Site 6,"p. 129 (Cap. 6.1, SS6)",TAV LXXV,75,57,TAV_LXXV,TAV_LXXV/Degli_Espositi_187_57.png,57 W 58,TOP,RIGHT,Degli_Espositi,2- Capp.4-5-6+bibliografia.pdf
Degli_Espositi_188.png,FRAG,Eta del Bronzo / Survey Site 6,"p. 129 (Cap. 6.1, SS6)",TAV LXXV,75,,TAV_LXXV,TAV_LXXV/Degli_Espositi_188.png,W 60 57,TOP,RIGHT,Degli_Espositi,2- Capp.4-5-6+bibliografia.pdf
Degli_Espositi_189.png,FRAG,Eta del Bronzo / Survey Site 6,"p. 129 (Cap. 6.1, SS6)",TAV LXXV,75,,TAV_LXXV,TAV_LXXV/Degli_Espositi_189.png,60 58 W,TOP,RIGHT,Degli_Espositi,2- Capp.4-5-6+bibliografia.pdf
Degli_Espositi_190.png,FRAG,Eta del Bronzo / Survey Site 6,"p. 129 (Cap. 6.1, SS6)",TAV LXXV,75,,TAV_LXXV,TAV_LXXV/Degli_Espositi_190.png,58 W 57,TOP,RIGHT,Degli_Espositi,2- Capp.4-5-6+bibliografia.pdf
Degli_Espositi_191.png,FRAG,Eta del Bronzo / Survey Site 6,"p. 129 (Cap. 6.1, SS6)",TAV LXXV,75,,TAV_LXXV,TAV_LXXV/Degli_Espositi_191.png,62 5 cm 310,TOP,RIGHT,Degli_Espositi,2- Capp.4-5-6+bibliografia.pdf
Degli_Espositi_192.png,FRAG,Eta del Bronzo / Survey Site 6,"p. 129 (Cap. 6.1, SS6)",TAV LXXV,75,,TAV_LXXV,TAV_LXXV/Degli_Espositi_192.png,5 cm 310 62,BOTTOM,LEFT,Degli_Espositi,2- Capp.4-5-6+bibliografia.pdf
Degli_Espositi_193.png,FRAG,Eta del Bronzo / Survey Site 6,"p. 129 (Cap. 6.1, SS6)",TAV LXXVI,76,,TAV_LXXVI,TAV_LXXVI/Degli_Espositi_193.png,64 68 65,TOP,RIGHT,Degli_Espositi,2- Capp.4-5-6+bibliografia.pdf
Degli_Espositi_194.png,FRAG,Eta del Bronzo / Survey Site 6,"p. 129 (Cap. 6.1, SS6)",TAV LXXVI,76,,TAV_LXXVI,TAV_LXXVI/Degli_Espositi_194.png,64 68 65,TOP,RIGHT,Degli_Espositi,2- Capp.4-5-6+bibliografia.pdf
Degli_Espositi_195.png,FRAG,Eta del Bronzo / Survey Site 6,"p. 129 (Cap. 6.1, SS6)",TAV LXXVI,76,,TAV_LXXVI,TAV_LXXVI/Degli_Espositi_195.png,68 65 66,TOP,RIGHT,Degli_Espositi,2- Capp.4-5-6+bibliografia.pdf
Degli_Espositi_196_68.png,FRAG,Eta del Bronzo / Survey Site 6,"p. 129 (Cap. 6.1, SS6)",TAV LXXVI,76,68,TAV_LXXVI,TAV_LXXVI/Degli_Espositi_196_68.png,68 65 66,TOP,RIGHT,Degli_Espositi,2- Capp.4-5-6+bibliografia.pdf
Degli_Espositi_197.png,FRAG,Eta del Bronzo / Survey Site 6,"p. 129 (Cap. 6.1, SS6)",TAV LXXVI,76,,TAV_LXXVI,TAV_LXXVI/Degli_Espositi_197.png,66 71 70,TOP,RIGHT,Degli_Espositi,2- Capp.4-5-6+bibliografia.pdf
Degli_Espositi_198_66.png,FRAG,Eta del Bronzo / Survey Site 6,"p. 129 (Cap. 6.1, SS6)",TAV LXXVI,76,66,TAV_LXXVI,TAV_LXXVI/Degli_Espositi_198_66.png,66 71 70,TOP,RIGHT,Degli_Espositi,2- Capp.4-5-6+bibliografia.pdf
Degli_Espositi_199.png,FRAG,Eta del Bronzo / Survey Site 6,"p. 129 (Cap. 6.1, SS6)",TAV LXXVI,76,,TAV_LXXVI,TAV_LXXVI/Degli_Espositi_199.png,71 70 65,TOP,RIGHT,Degli_Espositi,2- Capp.4-5-6+bibliografia.pdf
Degli_Espositi_200_70.png,FRAG,Eta del Bronzo / Survey Site 6,"p. 129 (Cap. 6.1, SS6)",TAV LXXVI,76,70,TAV_LXXVI,TAV_LXXVI/Degli_Espositi_200_70.png,70 72 66,TOP,RIGHT,Degli_Espositi,2- Capp.4-5-6+bibliografia.pdf
Degli_Espositi_201_72.png,FRAG,Eta del Bronzo / Survey Site 6,"p. 129 (Cap. 6.1, SS6)",TAV LXXVI,76,72,TAV_LXXVI,TAV_LXXVI/Degli_Espositi_201_72.png,72 73 5 cm,TOP,RIGHT,Degli_Espositi,2- Capp.4-5-6+bibliografia.pdf
Degli_Espositi_202_73.png,FRAG,Eta del Bronzo / Survey Site 6,"p. 129 (Cap. 6.1, SS6)",TAV LXXVI,76,73,TAV_LXXVI,TAV_LXXVI/Degli_Espositi_202_73.png,73 5 cm 311,TOP,RIGHT,Degli_Espositi,2- Capp.4-5-6+bibliografia.pdf
Degli_Espositi_203.png,FRAG,Eta del Bronzo / Survey Site 7,"pp. 129, 134 (Cap. 6.1, SS7)",TAV LXXVII,77,,TAV_LXXVII,TAV_LXXVII/Degli_Espositi_203.png,75 76 Survey Site 7,TOP,RIGHT,Degli_Espositi,2- Capp.4-5-6+bibliografia.pdf
Degli_Espositi_204.png,FRAG,Eta del Bronzo / Survey Site 7,"pp. 129, 134 (Cap. 6.1, SS7)",TAV LXXVII,77,,TAV_LXXVII,TAV_LXXVII/Degli_Espositi_204.png,76 78 (d. >40 cm) Survey Site 7,TOP,RIGHT,Degli_Espositi,2- Capp.4-5-6+bibliografia.pdf
Degli_Espositi_205.png,FRAG,Eta del Bronzo / Survey Site 7,"pp. 129, 134 (Cap. 6.1, SS7)",TAV LXXVII,77,,TAV_LXXVII,TAV_LXXVII/Degli_Espositi_205.png,78 (d. >40 cm) 75 Survey Site 7,TOP,RIGHT,Degli_Espositi,2- Capp.4-5-6+bibliografia.pdf
Degli_Espositi_206.png,FRAG,Eta del Bronzo / Survey Site 7,"pp. 129, 134 (Cap. 6.1, SS7)",TAV LXXVII,77,,TAV_LXXVII,TAV_LXXVII/Degli_Espositi_206.png,78 (d. >40 cm) 80 76,TOP,RIGHT,Degli_Espositi,2- Capp.4-5-6+bibliografia.pdf
Degli_Espositi_207.png,FRAG,Eta del Bronzo / Survey Site 7,"pp. 129, 134 (Cap. 6.1, SS7)",TAV LXXVII,77,,TAV_LXXVII,TAV_LXXVII/Degli_Espositi_207.png,80 81 76,TOP,RIGHT,Degli_Espositi,2- Capp.4-5-6+bibliografia.pdf
Degli_Espositi_208.png,FRAG,Eta del Bronzo / Survey Site 7,"pp. 129, 134 (Cap. 6.1, SS7)",TAV LXXVII,77,,TAV_LXXVII,TAV_LXXVII/Degli_Espositi_208.png,80 81 78 (d. >40 cm),TOP,RIGHT,Degli_Espositi,2- Capp.4-5-6+bibliografia.pdf
Degli_Espositi_209_80.png,FRAG,Eta del Bronzo / Survey Site 7,"pp. 129, 134 (Cap. 6.1, SS7)",TAV LXXVII,77,80,TAV_LXXVII,TAV_LXXVII/Degli_Espositi_209_80.png,80 81 82,TOP,RIGHT,Degli_Espositi,2- Capp.4-5-6+bibliografia.pdf
Degli_Espositi_210.png,FRAG,Eta del Bronzo / Survey Site 7,"pp. 129, 134 (Cap. 6.1, SS7)",TAV LXXVII,77,,TAV_LXXVII,TAV_LXXVII/Degli_Espositi_210.png,82 5 cm 312,TOP,RIGHT,Degli_Espositi,2- Capp.4-5-6+bibliografia.pdf
Degli_Espositi_211.png,FRAG,Eta del Bronzo / Survey Site 7,"pp. 129, 134 (Cap. 6.1, SS7)",TAV LXXVII,77,,TAV_LXXVII,TAV_LXXVII/Degli_Espositi_211.png,5 cm 312 81,TOP,RIGHT,Degli_Espositi,2- Capp.4-5-6+bibliografia.pdf
Degli_Espositi_212_83.png,FRAG,Eta del Bronzo / Survey Site 7,"p. 129 (Cap. 6.1, SS7)",TAV LXXVIII,78,83,TAV_LXXVIII,TAV_LXXVIII/Degli_Espositi_212_83.png,83 87 84,TOP,RIGHT,Degli_Espositi,2- Capp.4-5-6+bibliografia.pdf
Degli_Espositi_213.png,FRAG,Eta del Bronzo / Survey Site 7,"p. 129 (Cap. 6.1, SS7)",TAV LXXVIII,78,,TAV_LXXVIII,TAV_LXXVIII/Degli_Espositi_213.png,85 88 (d. 30 cm: ca.) 89,TOP,RIGHT,Degli_Espositi,2- Capp.4-5-6+bibliografia.pdf
Degli_Espositi_214_85.png,FRAG,Eta del Bronzo / Survey Site 7,"p. 129 (Cap. 6.1, SS7)",TAV LXXVIII,78,85,TAV_LXXVIII,TAV_LXXVIII/Degli_Espositi_214_85.png,85 88 (d. 30 cm: ca.) 89,TOP,RIGHT,Degli_Espositi,2- Capp.4-5-6+bibliografia.pdf
Degli_Espositi_215.png,FRAG,Eta del Bronzo / Survey Site 7,"p. 129 (Cap. 6.1, SS7)",TAV LXXVIII,78,,TAV_LXXVIII,TAV_LXXVIII/Degli_Espositi_215.png,91 90 88 (d. 30 cm: ca.),TOP,RIGHT,Degli_Espositi,2- Capp.4-5-6+bibliografia.pdf
Degli_Espositi_216_92.png,FRAG,Eta del Bronzo / Survey Site 7,"p. 129 (Cap. 6.1, SS7)",TAV LXXVIII,78,92,TAV_LXXVIII,TAV_LXXVIII/Degli_Espositi_216_92.png,92 UlII 313,TOP,RIGHT,Degli_Espositi,2- Capp.4-5-6+bibliografia.pdf
Degli_Espositi_217_94.png,FRAG,Eta del Bronzo / Survey Site 8,"p. 129 (Cap. 6.1, SS8)",TAV LXXIX,79,94,TAV_LXXIX,TAV_LXXIX/Degli_Espositi_217_94.png,94 98 Survey Site 8,TOP,RIGHT,Degli_Espositi,2- Capp.4-5-6+bibliografia.pdf
Degli_Espositi_218_97.png,FRAG,Eta del Bronzo / Survey Site 8,"p. 129 (Cap. 6.1, SS8)",TAV LXXIX,79,97,TAV_LXXIX,TAV_LXXIX/Degli_Espositi_218_97.png,97 98 99,TOP,RIGHT,Degli_Espositi,2- Capp.4-5-6+bibliografia.pdf
Degli_Espositi_219.png,FRAG,Eta del Bronzo / Survey Site 8,"p. 129 (Cap. 6.1, SS8)",TAV LXXIX,79,,TAV_LXXIX,TAV_LXXIX/Degli_Espositi_219.png,99 97 94,TOP,RIGHT,Degli_Espositi,2- Capp.4-5-6+bibliografia.pdf
Degli_Espositi_220.png,FRAG,Eta del Bronzo / Survey Site 8,"p. 129 (Cap. 6.1, SS8)",TAV LXXIX,79,,TAV_LXXIX,TAV_LXXIX/Degli_Espositi_220.png,100 5 cm 98,TOP,RIGHT,Degli_Espositi,2- Capp.4-5-6+bibliografia.pdf
Degli_Espositi_221_100.png,FRAG,Eta del Bronzo / Survey Site 8,"p. 129 (Cap. 6.1, SS8)",TAV LXXIX,79,100,TAV_LXXIX,TAV_LXXIX/Degli_Espositi_221_100.png,100 5 cm 101,BOTTOM,RIGHT,Degli_Espositi,2- Capp.4-5-6+bibliografia.pdf
Degli_Espositi_222.png,FRAG,Eta del Bronzo / Survey Site 8,"p. 129 (Cap. 6.1, SS8)",TAV LXXIX,79,,TAV_LXXIX,TAV_LXXIX/Degli_Espositi_222.png,5 cm 314 5 cm,TOP,RIGHT,Degli_Espositi,2- Capp.4-5-6+bibliografia.pdf
Degli_Espositi_223.png,FRAG,Eta del Bronzo / Survey Site 9,"p. 129 (Cap. 6.1, SS9)",TAV LXXX,80,,TAV_LXXX,TAV_LXXX/Degli_Espositi_223.png,103 Survey Site 9 TAV LXXX,TOP,RIGHT,Degli_Espositi,2- Capp.4-5-6+bibliografia.pdf
Degli_Espositi_224.png,FRAG,Eta del Bronzo / Survey Site 9,"p. 129 (Cap. 6.1, SS9)",TAV LXXX,80,,TAV_LXXX,TAV_LXXX/Degli_Espositi_224.png,102 105 103,TOP,RIGHT,Degli_Espositi,2- Capp.4-5-6+bibliografia.pdf
Degli_Espositi_225_103.png,FRAG,Eta del Bronzo / Survey Site 9,"p. 129 (Cap. 6.1, SS9)",TAV LXXX,80,103,TAV_LXXX,TAV_LXXX/Degli_Espositi_225_103.png,103 106 102,TOP,RIGHT,Degli_Espositi,2- Capp.4-5-6+bibliografia.pdf
Degli_Espositi_226_105.png,FRAG,Eta del Bronzo / Survey Site 9,"p. 129 (Cap. 6.1, SS9)",TAV LXXX,80,105,TAV_LXXX,TAV_LXXX/Degli_Espositi_226_105.png,105 103 106,TOP,RIGHT,Degli_Espositi,2- Capp.4-5-6+bibliografia.pdf
Degli_Espositi_227.png,FRAG,Eta del Bronzo / Survey Site 9,"p. 129 (Cap. 6.1, SS9)",TAV LXXX,80,,TAV_LXXX,TAV_LXXX/Degli_Espositi_227.png,107 109 108,TOP,RIGHT,Degli_Espositi,2- Capp.4-5-6+bibliografia.pdf
Degli_Espositi_228.png,FRAG,Eta del Bronzo / Survey Site 9,"p. 129 (Cap. 6.1, SS9)",TAV LXXX,80,,TAV_LXXX,TAV_LXXX/Degli_Espositi_228.png,109 108 1ll,TOP,RIGHT,Degli_Espositi,2- Capp.4-5-6+bibliografia.pdf
Degli_Espositi_229_110.png,FRAG,Eta del Bronzo / Survey Site 9,"p. 129 (Cap. 6.1, SS9)",TAV LXXX,80,110,TAV_LXXX,TAV_LXXX/Degli_Espositi_229_110.png,110 112 113,TOP,LEFT,Degli_Espositi,2- Capp.4-5-6+bibliografia.pdf
Degli_Espositi_230.png,FRAG,Eta del Bronzo / Survey Site 9,"p. 129 (Cap. 6.1, SS9)",TAV LXXX,80,,TAV_LXXX,TAV_LXXX/Degli_Espositi_230.png,115 114 116,TOP,RIGHT,Degli_Espositi,2- Capp.4-5-6+bibliografia.pdf
Degli_Espositi_231.png,FRAG,Eta del Bronzo / Survey Site 9,"p. 129 (Cap. 6.1, SS9)",TAV LXXX,80,,TAV_LXXX,TAV_LXXX/Degli_Espositi_231.png,115 114 116,TOP,RIGHT,Degli_Espositi,2- Capp.4-5-6+bibliografia.pdf
Degli_Espositi_232.png,FRAG,Eta del Bronzo / Survey Site 9,"p. 129 (Cap. 6.1, SS9)",TAV LXXXI,81,,TAV_LXXXI,TAV_LXXXI/Degli_Espositi_232.png,5 cm (d. >40 cm) 117,TOP,RIGHT,Degli_Espositi,2- Capp.4-5-6+bibliografia.pdf
