id,type,period,figure_num,page_num,pottery_id,caption_text,position,rotation,folder,image_path,page_ref,collection,source_pdf
Ch1_Fig3_1.jpeg,CERAMIC,,Ch1_Fig3,17,,Sebkha Matti (Source CNES/spot image 2008).,img_1,0,Ch1,Ch1/Ch1_Fig3_1.jpeg,p. 17,Pellegrino,2021-11_Pellegrino_cér.pdf
Ch1_Fig3_2.jpeg,CERAMIC,,Ch1_Fig3,17,,Sebkha Matti (Source CNES/spot image 2008).,img_2,0,Ch1,Ch1/Ch1_Fig3_2.jpeg,p. 17,Pellegrino,2021-11_Pellegrino_cér.pdf
Ch1_Fig4_1.jpeg,CERAMIC,,Ch1_Fig4,18,,"Littoral de la côte est, au nord de Kalba (photo de M. P. Pellegrino). Le terme sebkha est employé localement pour désigner des étendues plates, boueuses et salées, formées à une époque géologique récente par le dessèchement des lagons. Ces marais salants reposent sur des couches de sable fin, de li",img_1,0,Ch1,Ch1/Ch1_Fig4_1.jpeg,p. 18,Pellegrino,2021-11_Pellegrino_cér.pdf
Ch1_Fig12_1.jpeg,CERAMIC,,Ch1_Fig12,27,,"Schémas illustrant la convergence de plaques et la formation d’une ophiolite (d’après Lecoix). Cette chaîne de montagnes est composée par plusieurs groupes de roches métamor-phiques et éruptives qui peuvent elles-mêmes être subdivisés en différentes unités. Stratigraphiquement, la base de ces montag",img_1,0,Ch1,Ch1/Ch1_Fig12_1.jpeg,p. 27,Pellegrino,2021-11_Pellegrino_cér.pdf
Ch2_Fig3_1.jpeg,CERAMIC,Wadi Suq (2000-1600 av. J.-C.),Ch2_Fig3,33,,"Exemplaires des gobelets avec différents types de décors peints de la période Wadi Suq (d’après Méry 2000, fig. 164). Le reste du matériel inclut de la vaisselle en pierre tendre, des armes et des bijoux. Dès le début de la période Wadi Suq, voire à la toute fin du IIIème millénaire, l’industrie man",img_1,0,Ch2,Ch2/Ch2_Fig3_1.jpeg,p. 33,Pellegrino,2021-11_Pellegrino_cér.pdf
Ch2_Fig5_1.jpeg,CERAMIC,Bronze Récent (1600-1250 av. J.-C.),Ch2_Fig5,37,,"Sélection de bols, vases, pots et couvercles en pierre tendre du Bronze Récent (d’après Righetti 2015, fig. 115). Le nombre de sites pouvant être rattachés à cette période est assez réduit et ceux-ci sont tous situés dans la partie nord de la péninsule d’Oman : Tell Abraq, Shimal, Kalba, Khor Fakkan",img_1,0,Ch2,Ch2/Ch2_Fig5_1.jpeg,p. 37,Pellegrino,2021-11_Pellegrino_cér.pdf
Ch2_Fig6_1.png,CERAMIC,Fer I (1250-600 av. J.-C.),Ch2_Fig6,38,,"Matériel céramique retrouvé à Tell Abraq daté au Fer I. Echelle ap­ proximative 1:5 (d’après Magee 1996b, fig. 1).",img_1,0,Ch2,Ch2/Ch2_Fig6_1.png,p. 38,Pellegrino,2021-11_Pellegrino_cér.pdf
Ch2_Fig7_1.jpeg,CERAMIC,Contesto storico-cronologico,Ch2_Fig7,43,,Remplissage du fossé entourant la plateforme en brique (photo de M. Beech).,img_1,0,Ch2,Ch2/Ch2_Fig7_1.jpeg,p. 43,Pellegrino,2021-11_Pellegrino_cér.pdf
Ch2_Fig7_2.jpeg,CERAMIC,Contesto storico-cronologico,Ch2_Fig7,43,,Remplissage du fossé entourant la plateforme en brique (photo de M. Beech).,img_2,0,Ch2,Ch2/Ch2_Fig7_2.jpeg,p. 43,Pellegrino,2021-11_Pellegrino_cér.pdf
Ch2_Fig8_1.jpeg,CERAMIC,Contesto storico-cronologico,Ch2_Fig8,43,,"Plateforme en briques crues découverte à Tell Abraq (Potts 2000, p. 25). A Tell Abraq on observe une plateforme de forme ovale, mesurant environ 16×18 m. Elle est composée de différentes assises de grandes briques toutes identiques en taille : 30×60×5 cm. Cette plateforme ovale dont la fonction n’es",img_1,0,Ch2,Ch2/Ch2_Fig8_1.jpeg,p. 43,Pellegrino,2021-11_Pellegrino_cér.pdf
Ch2_Fig8_2.jpeg,CERAMIC,Contesto storico-cronologico,Ch2_Fig8,43,,"Plateforme en briques crues découverte à Tell Abraq (Potts 2000, p. 25). A Tell Abraq on observe une plateforme de forme ovale, mesurant environ 16×18 m. Elle est composée de différentes assises de grandes briques toutes identiques en taille : 30×60×5 cm. Cette plateforme ovale dont la fonction n’es",img_2,0,Ch2,Ch2/Ch2_Fig8_2.jpeg,p. 43,Pellegrino,2021-11_Pellegrino_cér.pdf
Ch2_Fig10_1.jpeg,CERAMIC,Contesto storico-cronologico,Ch2_Fig10,45,,"Une photographie d’ensemble de la tranchée 2 montrant le sol, l’aligne­ ment des trous de poteaux et le mur en briques formant l’ensemble 6 sur la terrasse 3 (d’après Magee et al. 2017, fig. 14). Des éléments supplémentaires concernant la composition des huttes sont fournis dans le mémoire de C. Vel",img_1,0,Ch2,Ch2/Ch2_Fig10_1.jpeg,p. 45,Pellegrino,2021-11_Pellegrino_cér.pdf
Ch2_Fig10_2.jpeg,CERAMIC,Contesto storico-cronologico,Ch2_Fig10,45,,"Une photographie d’ensemble de la tranchée 2 montrant le sol, l’aligne­ ment des trous de poteaux et le mur en briques formant l’ensemble 6 sur la terrasse 3 (d’après Magee et al. 2017, fig. 14). Des éléments supplémentaires concernant la composition des huttes sont fournis dans le mémoire de C. Vel",img_2,0,Ch2,Ch2/Ch2_Fig10_2.jpeg,p. 45,Pellegrino,2021-11_Pellegrino_cér.pdf
Ch2_Fig11_1.jpeg,CERAMIC,Contesto storico-cronologico,Ch2_Fig11,45,,"Plan de la phase 3 de Shimal SX ; en rouge les trous de poteaux alignés qui suggèrent une forme rectangulaire (d’après Velde 1992, fig. 13). PREMIÈRE PARTIE",img_1,0,Ch2,Ch2/Ch2_Fig11_1.jpeg,p. 45,Pellegrino,2021-11_Pellegrino_cér.pdf
Ch2_Fig11_2.jpeg,CERAMIC,Contesto storico-cronologico,Ch2_Fig11,45,,"Plan de la phase 3 de Shimal SX ; en rouge les trous de poteaux alignés qui suggèrent une forme rectangulaire (d’après Velde 1992, fig. 13). PREMIÈRE PARTIE",img_2,0,Ch2,Ch2/Ch2_Fig11_2.jpeg,p. 45,Pellegrino,2021-11_Pellegrino_cér.pdf
Ch2_Fig12_1.jpeg,CERAMIC,Contesto storico-cronologico,Ch2_Fig12,46,,"Masafi-5 : Niveau d’occupation au sud-est de la zone C avec des trous de poteaux et une fosse C 1418 également visible en haut contre le rocher (Charbonnier et al. 2018, p. 17). Ce n’est en effet sans doute pas par hasard que l’on trouve à proximité des trous de poteaux sur le site de Shimal SX des ",img_1,0,Ch2,Ch2/Ch2_Fig12_1.jpeg,p. 46,Pellegrino,2021-11_Pellegrino_cér.pdf
Ch2_Fig16_1.png,CERAMIC,Contesto storico-cronologico,Ch2_Fig16,50,,"Plan et coupe de la tombe Asimah 100 (Vogt 1994, fig. 39, p. 82).",img_1,0,Ch2,Ch2/Ch2_Fig16_1.png,p. 50,Pellegrino,2021-11_Pellegrino_cér.pdf
Ch2_Fig17_1.png,CERAMIC,Contesto storico-cronologico,Ch2_Fig17,51,,"Plan de la tombe de Bithnah 4 (Corboud et al. 1996, fig. 16 p.17). La majorité du mobilier archéologique ainsi que les restes humains ont été retrouvés dans l’aile sud de la tombe (couches 4 et 10 situées dans la partie inférieure de la tombe). Des fragments de céramique ainsi que de la vaisselle en",img_1,0,Ch2,Ch2/Ch2_Fig17_1.png,p. 51,Pellegrino,2021-11_Pellegrino_cér.pdf
Ch2_Fig19_1.png,CERAMIC,Contesto storico-cronologico,Ch2_Fig19,52,,"Mobilier en pierre tendre et en alliage cuivreux provenant de la tombe Fashgha 1, d’après Phillips 1987, figs. 25 et 38 (pas à l’échelle).",img_1,0,Ch2,Ch2/Ch2_Fig19_1.png,p. 52,Pellegrino,2021-11_Pellegrino_cér.pdf
Ch2_Fig19_2.png,CERAMIC,Contesto storico-cronologico,Ch2_Fig19,52,,"Mobilier en pierre tendre et en alliage cuivreux provenant de la tombe Fashgha 1, d’après Phillips 1987, figs. 25 et 38 (pas à l’échelle).",img_2,0,Ch2,Ch2/Ch2_Fig19_2.png,p. 52,Pellegrino,2021-11_Pellegrino_cér.pdf
Ch2_Fig20_1.jpeg,CERAMIC,Contesto storico-cronologico,Ch2_Fig20,53,,"Plan et coupe de la tombe GH2 à Ghali­ lah (Donaldson 1984, fig. 16 p. 296). PREMIÈRE PARTIE",img_1,0,Ch2,Ch2/Ch2_Fig20_1.jpeg,p. 53,Pellegrino,2021-11_Pellegrino_cér.pdf
Ch2_Fig21_1.png,CERAMIC,Contesto storico-cronologico,Ch2_Fig21,54,,"Plan et coupe de la tombe GH2 à Ghalilah (Donaldson 1984, fig. 16 p. 296).",img_1,0,Ch2,Ch2/Ch2_Fig21_1.png,p. 54,Pellegrino,2021-11_Pellegrino_cér.pdf
Ch2_Fig21_2.png,CERAMIC,Contesto storico-cronologico,Ch2_Fig21,54,,"Plan et coupe de la tombe GH2 à Ghalilah (Donaldson 1984, fig. 16 p. 296).",img_2,0,Ch2,Ch2/Ch2_Fig21_2.png,p. 54,Pellegrino,2021-11_Pellegrino_cér.pdf
Ch2_Fig24_1.png,CERAMIC,Contesto storico-cronologico,Ch2_Fig24,55,,"Mobilier en céramique et en chlorite de la tombe B d’al Qusais, (d’après Vogt 1985, taf.104, 117, 119). Le mobilier retrouvé dans la tombe est constitué de dagues en alliage cuivreux, de pointes de flèches en alliage cuivreux à décor incisé, de vaisselle en pierre tendre, de céramique et d’ éléments",img_1,0,Ch2,Ch2/Ch2_Fig24_1.png,p. 55,Pellegrino,2021-11_Pellegrino_cér.pdf
Ch2_Fig24_2.png,CERAMIC,Contesto storico-cronologico,Ch2_Fig24,55,,"Mobilier en céramique et en chlorite de la tombe B d’al Qusais, (d’après Vogt 1985, taf.104, 117, 119). Le mobilier retrouvé dans la tombe est constitué de dagues en alliage cuivreux, de pointes de flèches en alliage cuivreux à décor incisé, de vaisselle en pierre tendre, de céramique et d’ éléments",img_2,0,Ch2,Ch2/Ch2_Fig24_2.png,p. 55,Pellegrino,2021-11_Pellegrino_cér.pdf
Ch2_Fig27_1.png,CERAMIC,Bronze Récent (1600-1250 av. J.-C.),Ch2_Fig27,57,,"Une sélection des bases des gobelets à pied issus de la tombe de Sharm (Barker 2002, fig. 5). D’après l’analyse contenue dans la thèse de S. Righetti, les fragments datables au Bronze Récent seraient au nombre de 173 dont 86 illustrés dans les figures 184-188 (volume III, pp. 245-248). Parmi ces cér",img_1,0,Ch2,Ch2/Ch2_Fig27_1.png,p. 57,Pellegrino,2021-11_Pellegrino_cér.pdf
Ch2_Fig27_2.png,CERAMIC,Bronze Récent (1600-1250 av. J.-C.),Ch2_Fig27,57,,"Une sélection des bases des gobelets à pied issus de la tombe de Sharm (Barker 2002, fig. 5). D’après l’analyse contenue dans la thèse de S. Righetti, les fragments datables au Bronze Récent seraient au nombre de 173 dont 86 illustrés dans les figures 184-188 (volume III, pp. 245-248). Parmi ces cér",img_2,0,Ch2,Ch2/Ch2_Fig27_2.png,p. 57,Pellegrino,2021-11_Pellegrino_cér.pdf
Ch2_Fig30_1.jpeg,CERAMIC,Contesto storico-cronologico,Ch2_Fig30,58,,"Les deux gobelets à pied retrouvés dans la tombe SH6 à Shimal (d’après de Cardi 1988, fig. 7). D’après l’étude de P. Donaldson (Donaldson 1984, pp. 198-215), entre 35 et 40 individus ont été inhumés dans cette tombe. 9 hommes adultes, 6 femmes adultes, 4 enfants (entre 3 et 12 ans) de sexe indétermi",img_1,0,Ch2,Ch2/Ch2_Fig30_1.jpeg,p. 58,Pellegrino,2021-11_Pellegrino_cér.pdf
Ch2_Fig30_2.png,CERAMIC,Contesto storico-cronologico,Ch2_Fig30,58,,"Les deux gobelets à pied retrouvés dans la tombe SH6 à Shimal (d’après de Cardi 1988, fig. 7). D’après l’étude de P. Donaldson (Donaldson 1984, pp. 198-215), entre 35 et 40 individus ont été inhumés dans cette tombe. 9 hommes adultes, 6 femmes adultes, 4 enfants (entre 3 et 12 ans) de sexe indétermi",img_2,0,Ch2,Ch2/Ch2_Fig30_2.png,p. 58,Pellegrino,2021-11_Pellegrino_cér.pdf
Ch2_Fig34_1.jpeg,CERAMIC,Bronze Récent (1600-1250 av. J.-C.),Ch2_Fig34,61,,"Les deux exemplaires de jarres importées de Dilmun trouvés dans la tombe SH-103, et attribuables au Bronze Récent (d’après Vogt et Franke-Vogt 1987, fig. 23).",img_1,0,Ch2,Ch2/Ch2_Fig34_1.jpeg,p. 61,Pellegrino,2021-11_Pellegrino_cér.pdf
Ch2_Fig34_2.png,CERAMIC,Bronze Récent (1600-1250 av. J.-C.),Ch2_Fig34,61,,"Les deux exemplaires de jarres importées de Dilmun trouvés dans la tombe SH-103, et attribuables au Bronze Récent (d’après Vogt et Franke-Vogt 1987, fig. 23).",img_2,0,Ch2,Ch2/Ch2_Fig34_2.png,p. 61,Pellegrino,2021-11_Pellegrino_cér.pdf
Ch2_Fig35_1.jpeg,CERAMIC,Contesto storico-cronologico,Ch2_Fig35,61,,"Mobilier en cuivre et en alliage cuivreux provenant de la tombe 1 d’al Wasit (Weisgerber 2007, p. 277). Al-Wasit 1 (Sultanat d’Oman) La tombe 1 d’Al-Wasit 1 a été découverte par des enfants, et ensuite fouillée par la mission allemande en 1984 et 1989. Il s’agit d’une tombe collective longue, enterr",img_1,0,Ch2,Ch2/Ch2_Fig35_1.jpeg,p. 61,Pellegrino,2021-11_Pellegrino_cér.pdf
Ch2_Fig35_2.png,CERAMIC,Contesto storico-cronologico,Ch2_Fig35,61,,"Mobilier en cuivre et en alliage cuivreux provenant de la tombe 1 d’al Wasit (Weisgerber 2007, p. 277). Al-Wasit 1 (Sultanat d’Oman) La tombe 1 d’Al-Wasit 1 a été découverte par des enfants, et ensuite fouillée par la mission allemande en 1984 et 1989. Il s’agit d’une tombe collective longue, enterr",img_2,0,Ch2,Ch2/Ch2_Fig35_2.png,p. 61,Pellegrino,2021-11_Pellegrino_cér.pdf
Ch2_Fig37_1.png,CERAMIC,Contesto storico-cronologico,Ch2_Fig37,63,,"Plan et profil de la tombe de Nizwa (Yule et al. 1994, pl. 7). De nombreux objets en alliage cuivreux ont été mis au jour dans la tombe (1 hache à collet, 3 dagues, 18 pointes de flèches, un rasoir, deux bracelets, un anneau) mais égale¬ment de la céramique et de la vaisselle en pierre. Le matériel ",img_1,0,Ch2,Ch2/Ch2_Fig37_1.png,p. 63,Pellegrino,2021-11_Pellegrino_cér.pdf
Ch2_Fig38_1.png,CERAMIC,Wadi Suq (2000-1600 av. J.-C.),Ch2_Fig38,64,,"Plan et coupe de la tombe S21114 d’après (Yule 2001, tab. 372). A l’intérieur ont été mis au jour des céramiques de la période Wadi Suq et de l’âge du Fer, as­ sociées à la culture de Lizq. Parmi celles-ci un gobelet cassé, un bol à engobe rouge jaunâtre, décorés de petites lignes peintes obliques p",img_1,0,Ch2,Ch2/Ch2_Fig38_1.png,p. 64,Pellegrino,2021-11_Pellegrino_cér.pdf
Ch3_Fig1_1.jpeg,CERAMIC,,Ch3_Fig1,68,,"Modèle de la fiche d’enregistrement utilisée pour les fragments diagnostiques. 3.3 Analyse des pâtes céramiques 3.3.1 La méthode utilisée Le matériel a fait l’objet d’une étude macroscopique approfondie, à l’œil, à la loupe à main et à la binoculaire Les groupes de pâte sont déterminés à partir des ",img_1,0,Ch3,Ch3/Ch3_Fig1_1.jpeg,p. 68,Pellegrino,2021-11_Pellegrino_cér.pdf
Ch4_Fig3_1.jpeg,CERAMIC,Masafi-5 (Bronze Récent / Fer I),Ch4_Fig3,124,,"Objets en cuivre et différents types de récipients décorés avec le motif du serpent (Benoist et al. 2012b, fig. 13). Celles qui ont pu être fouillées, toutes situées sur la partie nord de la colline, sont environ une douzaine. Elles ne couvrent qu’un tiers de la surface totale du village fortifié, e",img_1,0,Ch4,Ch4/Ch4_Fig3_1.jpeg,p. 124,Pellegrino,2021-11_Pellegrino_cér.pdf
Ch4_Fig3_2.jpeg,CERAMIC,Masafi-5 (Bronze Récent / Fer I),Ch4_Fig3,124,,"Objets en cuivre et différents types de récipients décorés avec le motif du serpent (Benoist et al. 2012b, fig. 13). Celles qui ont pu être fouillées, toutes situées sur la partie nord de la colline, sont environ une douzaine. Elles ne couvrent qu’un tiers de la surface totale du village fortifié, e",img_2,0,Ch4,Ch4/Ch4_Fig3_2.jpeg,p. 124,Pellegrino,2021-11_Pellegrino_cér.pdf
Ch4_Fig8_1.jpeg,CERAMIC,Masafi-5 (Bronze Récent / Fer I),Ch4_Fig8,129,,"Coupe latérale avec les structures et les sols identifiés lors de l’ouverture de la tranchée (Benoist et al. 2011, fig. 3). En dehors de la terrasse, vers le sud-est, des sols et des niveaux d’occupation venaient buter contre le mur en pierre M.802 et une chronologie relative a pu être fixée. Le bas",img_1,0,Ch4,Ch4/Ch4_Fig8_1.jpeg,p. 129,Pellegrino,2021-11_Pellegrino_cér.pdf
Ch4_Fig9_1.jpeg,CERAMIC,Masafi-5 (Bronze Récent / Fer I),Ch4_Fig9,130,,Brûle-encens avec un serpent en relief sur la base (photo d’A. Benoist et M. P. Pellegrino). La présence de ce brûle-encens a laissé supposer qu’originairement il était placé en offrande durant l’âge du Fer dans un lieu situé au sommet de la colline rocheuse et clairement visible de loin dans la pal,img_1,0,Ch4,Ch4/Ch4_Fig9_1.jpeg,p. 130,Pellegrino,2021-11_Pellegrino_cér.pdf
Ch4_Fig9_2.jpeg,CERAMIC,Masafi-5 (Bronze Récent / Fer I),Ch4_Fig9,130,,Brûle-encens avec un serpent en relief sur la base (photo d’A. Benoist et M. P. Pellegrino). La présence de ce brûle-encens a laissé supposer qu’originairement il était placé en offrande durant l’âge du Fer dans un lieu situé au sommet de la colline rocheuse et clairement visible de loin dans la pal,img_2,0,Ch4,Ch4/Ch4_Fig9_2.jpeg,p. 130,Pellegrino,2021-11_Pellegrino_cér.pdf
Ch4_Fig12_1.jpeg,CERAMIC,Masafi-5 (Bronze Récent / Fer I),Ch4_Fig12,132,,"Relevé de la coupe 1, située à l’extrémité ouest du site (Benoist et al. 2013, fig. 8). zone en question pouvait encore inclure des vestiges archéologiques, même si leur niveau supérieur pouvait être nivelé. Des couches contenant de la céramique datée de la fin de l’âge du Bronze semblaient être pré",img_1,0,Ch4,Ch4/Ch4_Fig12_1.jpeg,p. 132,Pellegrino,2021-11_Pellegrino_cér.pdf
Ch4_Fig23_1.jpeg,CERAMIC,Masafi-5 (Bronze Récent / Fer I),Ch4_Fig23,144,,"La pièce P828 avec le sol S848 et le foyer F847 (déjà fouillé) (Photo de M. Degli Esposti). Un dépôt assez épais, riche en tessons, s’est accumulé au-dessus du sol S848 et a finalement servi de sol (S839) pour une deuxième phase d’occupation. Cette nouvelle phase est marquée par la construction, au-",img_1,0,Ch4,Ch4/Ch4_Fig23_1.jpeg,p. 144,Pellegrino,2021-11_Pellegrino_cér.pdf
Ch4_Fig25_1.jpeg,CERAMIC,Masafi-5 (Bronze Récent / Fer I),Ch4_Fig25,145,,"Pièce P844, coupe 6 (d’après Degli Esposti et Benoist 2015, fig. 8). Etoile : datation au C14. Une accumulation plus épaisse de cendres, contenant une quantité de céramique abondante, a été trouvée au-dessus et appelée UF435. Son épaisseur et la présence de nombreux tessons l’assimilent en quelque s",img_1,0,Ch4,Ch4/Ch4_Fig25_1.jpeg,p. 145,Pellegrino,2021-11_Pellegrino_cér.pdf
Ch4_Fig25_2.png,CERAMIC,Masafi-5 (Bronze Récent / Fer I),Ch4_Fig25,145,,"Pièce P844, coupe 6 (d’après Degli Esposti et Benoist 2015, fig. 8). Etoile : datation au C14. Une accumulation plus épaisse de cendres, contenant une quantité de céramique abondante, a été trouvée au-dessus et appelée UF435. Son épaisseur et la présence de nombreux tessons l’assimilent en quelque s",img_2,0,Ch4,Ch4/Ch4_Fig25_2.png,p. 145,Pellegrino,2021-11_Pellegrino_cér.pdf
Ch4_Fig26_1.jpeg,CERAMIC,Masafi-5 (Bronze Récent / Fer I),Ch4_Fig26,146,,"P860 en fin de fouille. La pierre centrale plate a été laissée est visible in situ (Charbonnier et al. 2017, p. 18). Terrasse V La terrasse V, la plus haute, est l’une des moins bien préservées : elle a souffert de l’érosion vers le nord et elle a été en partie arasée par les bulldozers vers le sud.",img_1,0,Ch4,Ch4/Ch4_Fig26_1.jpeg,p. 146,Pellegrino,2021-11_Pellegrino_cér.pdf
Ch4_Fig26_2.jpeg,CERAMIC,Masafi-5 (Bronze Récent / Fer I),Ch4_Fig26,146,,"P860 en fin de fouille. La pierre centrale plate a été laissée est visible in situ (Charbonnier et al. 2017, p. 18). Terrasse V La terrasse V, la plus haute, est l’une des moins bien préservées : elle a souffert de l’érosion vers le nord et elle a été en partie arasée par les bulldozers vers le sud.",img_2,0,Ch4,Ch4/Ch4_Fig26_2.jpeg,p. 146,Pellegrino,2021-11_Pellegrino_cér.pdf
Ch4_Fig27_1.jpeg,CERAMIC,Masafi-5 (Bronze Récent / Fer I),Ch4_Fig27,147,,Vue générale de la pièce P860 : surface de circulation riche de céramique (photo de M. Degli Esposti).,img_1,0,Ch4,Ch4/Ch4_Fig27_1.jpeg,p. 147,Pellegrino,2021-11_Pellegrino_cér.pdf
Ch4_Fig27_2.jpeg,CERAMIC,Masafi-5 (Bronze Récent / Fer I),Ch4_Fig27,147,,Vue générale de la pièce P860 : surface de circulation riche de céramique (photo de M. Degli Esposti).,img_2,0,Ch4,Ch4/Ch4_Fig27_2.jpeg,p. 147,Pellegrino,2021-11_Pellegrino_cér.pdf
Ch4_Fig29_1.jpeg,CERAMIC,Masafi-5 (Bronze Récent / Fer I),Ch4_Fig29,148,,"Des scories retrouvées dans la partie ouest du secteur B (Photo de M. P. Pellegrino). Ce dernier, de forme circulaire et de 50 cm de diamètre, se caractérise par une petite rigole cir­ culaire à sa base. Cet aménagement indique que le foyer pourrait avoir servi au traitement du cuivre. Son remplissa",img_1,0,Ch4,Ch4/Ch4_Fig29_1.jpeg,p. 148,Pellegrino,2021-11_Pellegrino_cér.pdf
Ch4_Fig29_2.jpeg,CERAMIC,Masafi-5 (Bronze Récent / Fer I),Ch4_Fig29,148,,"Des scories retrouvées dans la partie ouest du secteur B (Photo de M. P. Pellegrino). Ce dernier, de forme circulaire et de 50 cm de diamètre, se caractérise par une petite rigole cir­ culaire à sa base. Cet aménagement indique que le foyer pourrait avoir servi au traitement du cuivre. Son remplissa",img_2,0,Ch4,Ch4/Ch4_Fig29_2.jpeg,p. 148,Pellegrino,2021-11_Pellegrino_cér.pdf
Ch4_Fig33_1.jpeg,CERAMIC,Masafi-5 (Bronze Récent / Fer I),Ch4_Fig33,152,,"Coupe S-N de la fosse C1241 (Char­ bonnier et al. 2018, p. 13). Le démontage de ce sol et de la couche sous-jacente de limons beige à jaunâtres, a été nommé UF 801. Sous la couche de limons beiges à jaunâtres, dans la fosse C1421, nous avons atteint un niveau de briques fondues (de 45 cm d’épaisseur",img_1,0,Ch4,Ch4/Ch4_Fig33_1.jpeg,p. 152,Pellegrino,2021-11_Pellegrino_cér.pdf
Ch4_Fig34_1.jpeg,CERAMIC,Masafi-5 (Bronze Récent / Fer I),Ch4_Fig34,153,,Détaille des restes fauniques retrouvés dans l’UF 819 (Photos de D. Decruyenaere). La plupart des os semblent provenir de chèvres et de bovins. Ces fragments d’os ont été déposés après l’abandon de la fosse pour son but initial. La dernière couche creusée dans la fosse (UF 820) est constituée par un,img_1,0,Ch4,Ch4/Ch4_Fig34_1.jpeg,p. 153,Pellegrino,2021-11_Pellegrino_cér.pdf
Ch4_Fig37_1.jpeg,CERAMIC,Phase IA (Masafi-5),Ch4_Fig37,155,,"Mur M1411 (Photo de M.P. Pellegrino). Premièrement, la fosse C1421 est creusée dans le substrat (phase IA). Elle constituait peut- être un dispositif de stockage de l’eau (citerne). Cette hypothèse reste à vérifier pendant la prochaine campagne. La fosse est probablement réutilisée en tant que dépot",img_1,0,Ch4,Ch4/Ch4_Fig37_1.jpeg,p. 155,Pellegrino,2021-11_Pellegrino_cér.pdf
Ch4_Fig39_1.jpeg,CERAMIC,Masafi-5 (Bronze Récent / Fer I),Ch4_Fig39,157,,"Première phase d’occupation dans le secteur sud- est de la zone C avec des trous de poteaux (UF 489) et la fosse C1418 également visible en haut (Charbonnier et al. 2018, p. 17). La séquence stratigraphique suivante peut être proposée pour la partie sud-ouest de la zone C (chapitre 4 fig. 40): Dans ",img_1,0,Ch4,Ch4/Ch4_Fig39_1.jpeg,p. 157,Pellegrino,2021-11_Pellegrino_cér.pdf
Ch4_Fig46_1.jpeg,CERAMIC,Masafi-5 (Bronze Récent / Fer I),Ch4_Fig46,164,,"Plan de la zone D (A. Havé et J. Charbonnier). À l’est, on voit dans une coupe créée par des bulldozers le sol S1416 et le remblai de terrasse. Il faut remarquer que le remplissage de la terrasse peut atteindre jusqu’à 2 m d’épaisseur, il s’étend sur le substrat rocheux, mais il n’a livré que quelqu",img_1,0,Ch4,Ch4/Ch4_Fig46_1.jpeg,p. 164,Pellegrino,2021-11_Pellegrino_cér.pdf
Ch4_Fig55_1.jpeg,CERAMIC,Masafi-5 (Bronze Récent / Fer I),Ch4_Fig55,173,,A. Perforation inachevée au milieu d’une Conus spire ; B. Retouche sur la marge ven­ trale d’une valve de Vénus rouge (Callista erycina) ; C. Coupe polie d’un fragment d’une valve d’arche (Pin­ ctada persica) ; D. Traces d’usure (abrasion et polissage) sur le bord ventral d’une amande de mer (Anadar,img_1,0,Ch4,Ch4/Ch4_Fig55_1.jpeg,p. 173,Pellegrino,2021-11_Pellegrino_cér.pdf
Ch4_Fig55_2.jpeg,CERAMIC,Masafi-5 (Bronze Récent / Fer I),Ch4_Fig55,173,,A. Perforation inachevée au milieu d’une Conus spire ; B. Retouche sur la marge ven­ trale d’une valve de Vénus rouge (Callista erycina) ; C. Coupe polie d’un fragment d’une valve d’arche (Pin­ ctada persica) ; D. Traces d’usure (abrasion et polissage) sur le bord ventral d’une amande de mer (Anadar,img_2,0,Ch4,Ch4/Ch4_Fig55_2.jpeg,p. 173,Pellegrino,2021-11_Pellegrino_cér.pdf
Ch4_Fig56_1.jpeg,CERAMIC,Masafi-5 (Bronze Récent / Fer I),Ch4_Fig56,173,,"Anneau en coquille marine, M5-n.262, retrouvé dans la partie sud-ouest du secteur C (Photo de M.P. Pellegrino). Pour conclure, l’étude malacofaunique a mis en évidence l’artefact (M5-n.262) collecté dans la zone C (chapitre 4 fig. 56). Il s’agit d’un fragment d’anneau circulaire avec une section qua",img_1,0,Ch4,Ch4/Ch4_Fig56_1.jpeg,p. 173,Pellegrino,2021-11_Pellegrino_cér.pdf
Ch4_Fig56_2.jpeg,CERAMIC,Masafi-5 (Bronze Récent / Fer I),Ch4_Fig56,173,,"Anneau en coquille marine, M5-n.262, retrouvé dans la partie sud-ouest du secteur C (Photo de M.P. Pellegrino). Pour conclure, l’étude malacofaunique a mis en évidence l’artefact (M5-n.262) collecté dans la zone C (chapitre 4 fig. 56). Il s’agit d’un fragment d’anneau circulaire avec une section qua",img_2,0,Ch4,Ch4/Ch4_Fig56_2.jpeg,p. 173,Pellegrino,2021-11_Pellegrino_cér.pdf
Ch4_Fig57_1.jpeg,CERAMIC,Masafi-5 (Bronze Récent / Fer I),Ch4_Fig57,174,,"Deux bords de vases en pierre tendre (M5-n.265, M5-n.218) et un bol complet (M5-n.253) (Planche de M.P. Pellegrino). Les produits finis, témoins de l’imbrication de Masafi-5 au sein d’un réseau d’échanges La position stratégique de Masafi-5, au carrefour de plusieurs itinéraires, près des trois wadi",img_1,0,Ch4,Ch4/Ch4_Fig57_1.jpeg,p. 174,Pellegrino,2021-11_Pellegrino_cér.pdf
Ch4_Fig58_1.jpeg,CERAMIC,Masafi-5 (Bronze Récent / Fer I),Ch4_Fig58,175,,Base de vase en pierre M5-n.247 mis au jour dans l’UF 453 (Photo de M.P. Pellegrino).,img_1,0,Ch4,Ch4/Ch4_Fig58_1.jpeg,p. 175,Pellegrino,2021-11_Pellegrino_cér.pdf
Ch4_Fig58_2.jpeg,CERAMIC,Masafi-5 (Bronze Récent / Fer I),Ch4_Fig58,175,,Base de vase en pierre M5-n.247 mis au jour dans l’UF 453 (Photo de M.P. Pellegrino).,img_2,0,Ch4,Ch4/Ch4_Fig58_2.jpeg,p. 175,Pellegrino,2021-11_Pellegrino_cér.pdf
Ch4_Fig59_1.jpeg,CERAMIC,Masafi-5 (Bronze Récent / Fer I),Ch4_Fig59,175,,"Sceau-cylindre M5-n.252 (photo de H. David). Parmi les autres objets ayant été certainement importés à Masafi-5, on compte aussi un sce­ au-cylindre et une bille. Malgré son état fragmentaire et sa forte érosion, le sceau était très probablement un véritable sceau-cylindre en pierre vert pâle (zone ",img_1,0,Ch4,Ch4/Ch4_Fig59_1.jpeg,p. 175,Pellegrino,2021-11_Pellegrino_cér.pdf
Ch4_Fig59_2.jpeg,CERAMIC,Masafi-5 (Bronze Récent / Fer I),Ch4_Fig59,175,,"Sceau-cylindre M5-n.252 (photo de H. David). Parmi les autres objets ayant été certainement importés à Masafi-5, on compte aussi un sce­ au-cylindre et une bille. Malgré son état fragmentaire et sa forte érosion, le sceau était très probablement un véritable sceau-cylindre en pierre vert pâle (zone ",img_2,0,Ch4,Ch4/Ch4_Fig59_2.jpeg,p. 175,Pellegrino,2021-11_Pellegrino_cér.pdf
Ch4_Fig61_1.jpeg,CERAMIC,Masafi-5 (Bronze Récent / Fer I),Ch4_Fig61,176,,"Sceau en céramique, M5-n.263, retrouvé dans l’UF800, dans la zone C (Planche de M.P. Pellegrino). Un sceau en céramique en forme de cône tronqué et trou de suspension (chapitre 4 fig. 61) a également été mis au jour. Il a été découvert dans le remplissage de l’un des trous de po­ teaux situés dans l",img_1,0,Ch4,Ch4/Ch4_Fig61_1.jpeg,p. 176,Pellegrino,2021-11_Pellegrino_cér.pdf
Ch4_Fig61_2.jpeg,CERAMIC,Masafi-5 (Bronze Récent / Fer I),Ch4_Fig61,176,,"Sceau en céramique, M5-n.263, retrouvé dans l’UF800, dans la zone C (Planche de M.P. Pellegrino). Un sceau en céramique en forme de cône tronqué et trou de suspension (chapitre 4 fig. 61) a également été mis au jour. Il a été découvert dans le remplissage de l’un des trous de po­ teaux situés dans l",img_2,0,Ch4,Ch4/Ch4_Fig61_2.jpeg,p. 176,Pellegrino,2021-11_Pellegrino_cér.pdf
Ch5_Fig1_1.jpeg,CERAMIC,Masafi-5 - Céramique (1600-600 av. J.-C.),Ch5_Fig1,180,,"Trois fragments de jarres moyen­ nes à col concave ou sans col, à lèvre éversée et arron­ die du sous-groupe JM-01 du groupe macroscopique 1",img_1,0,Ch5,Ch5/Ch5_Fig1_1.jpeg,p. 180,Pellegrino,2021-11_Pellegrino_cér.pdf
Ch5_Fig2_1.jpeg,CERAMIC,Masafi-5 - Céramique (1600-600 av. J.-C.),Ch5_Fig2,181,,Deux fragments de bols moyens et un bord de grand récipient ouvert avec décor peint en rouge sur la sur­ face interne. DEUXIÈME PARTIE,img_1,0,Ch5,Ch5/Ch5_Fig2_1.jpeg,p. 181,Pellegrino,2021-11_Pellegrino_cér.pdf
Ch5_Fig3_1.jpeg,CERAMIC,Masafi-5 - Céramique (1600-600 av. J.-C.),Ch5_Fig3,184,,"MSF5-9312, plat archéologiquement complet. Sur la terrasse III, on enregistre 1011 tessons du groupe macroscopique 1 (céramique à dégraissant gris-vert), tous collectés dans la pièce P846. Ils comprennent 209 fragments diagnostiques. Dans les trois variantes du groupe 1, les formes ouvertes prédomin",img_1,0,Ch5,Ch5/Ch5_Fig3_1.jpeg,p. 184,Pellegrino,2021-11_Pellegrino_cér.pdf
Ch5_Fig4_1.jpeg,CERAMIC,Masafi-5 - Céramique (1600-600 av. J.-C.),Ch5_Fig4,185,,"Base M5-11482 de la variante 1b, appartenant à un grand récipient ouvert. Le matériel céramique de la terrasse IV est moins abondant que celui des autres terrasses du­ rant cette phase. De cette terrasse proviennent 101 céramiques à dégraissant gris-vert, dont 21 fragments diagnostiques. Dans les tr",img_1,0,Ch5,Ch5/Ch5_Fig4_1.jpeg,p. 185,Pellegrino,2021-11_Pellegrino_cér.pdf
Ch5_Fig4_2.jpeg,CERAMIC,Masafi-5 - Céramique (1600-600 av. J.-C.),Ch5_Fig4,185,,"Base M5-11482 de la variante 1b, appartenant à un grand récipient ouvert. Le matériel céramique de la terrasse IV est moins abondant que celui des autres terrasses du­ rant cette phase. De cette terrasse proviennent 101 céramiques à dégraissant gris-vert, dont 21 fragments diagnostiques. Dans les tr",img_2,0,Ch5,Ch5/Ch5_Fig4_2.jpeg,p. 185,Pellegrino,2021-11_Pellegrino_cér.pdf
Ch5_Fig5_1.jpeg,CERAMIC,Masafi-5 - Céramique (1600-600 av. J.-C.),Ch5_Fig5,185,,"Quatre exemplaires de bols moyens avec un décor peint sur la surface externe en céramique à dégraissant gris/vert. Enfin, parmi les céramiques du groupe 1c apparaissent deux fragments de bords, un fragment de bassin à lèvre légèrement éversée horizontale aplatie (GRO-03) et un fragment de bord de bo",img_1,0,Ch5,Ch5/Ch5_Fig5_1.jpeg,p. 185,Pellegrino,2021-11_Pellegrino_cér.pdf
Ch5_Fig5_2.jpeg,CERAMIC,Masafi-5 - Céramique (1600-600 av. J.-C.),Ch5_Fig5,185,,"Quatre exemplaires de bols moyens avec un décor peint sur la surface externe en céramique à dégraissant gris/vert. Enfin, parmi les céramiques du groupe 1c apparaissent deux fragments de bords, un fragment de bassin à lèvre légèrement éversée horizontale aplatie (GRO-03) et un fragment de bord de bo",img_2,0,Ch5,Ch5/Ch5_Fig5_2.jpeg,p. 185,Pellegrino,2021-11_Pellegrino_cér.pdf
Ch5_Fig6_1.jpeg,CERAMIC,Masafi-5 - Céramique (1600-600 av. J.-C.),Ch5_Fig6,186,,"M5-9507, fragment d’un bol à man­ che horizontale. Le répertoire du groupe macroscopique 1b s’enrichit à cette phase de nouvelles formes. Parmi les 118 fragments de bords de grands récipients ouverts, toutes les variantes sont représentées avec des proportions différentes mais les vases plus fréquen",img_1,0,Ch5,Ch5/Ch5_Fig6_1.jpeg,p. 186,Pellegrino,2021-11_Pellegrino_cér.pdf
Ch5_Fig7_1.jpeg,CERAMIC,Masafi-5 - Céramique (1600-600 av. J.-C.),Ch5_Fig7,187,,"M5-10554, fragment de vase à bec cylin­ drique du groupe macroscopique 1c.",img_1,0,Ch5,Ch5/Ch5_Fig7_1.jpeg,p. 187,Pellegrino,2021-11_Pellegrino_cér.pdf
Ch5_Fig7_2.jpeg,CERAMIC,Masafi-5 - Céramique (1600-600 av. J.-C.),Ch5_Fig7,187,,"M5-10554, fragment de vase à bec cylin­ drique du groupe macroscopique 1c.",img_2,0,Ch5,Ch5/Ch5_Fig7_2.jpeg,p. 187,Pellegrino,2021-11_Pellegrino_cér.pdf
Ch5_Fig8_1.jpeg,CERAMIC,Phase I (Masafi-5),Ch5_Fig8,187,,"Cinq exemplaires de gobelets à pied du groupe macroscopique 2. 2. La céramique à gros dégraissant blanc La céramique du groupe macroscopique 2 conserve la place occupée à la phase I, celle du deuxième groupe macroscopique le plus fréquent avec un total de 205 fragments dont 42 fragments diagnostique",img_1,0,Ch5,Ch5/Ch5_Fig8_1.jpeg,p. 187,Pellegrino,2021-11_Pellegrino_cér.pdf
Ch5_Fig8_2.jpeg,CERAMIC,Phase I (Masafi-5),Ch5_Fig8,187,,"Cinq exemplaires de gobelets à pied du groupe macroscopique 2. 2. La céramique à gros dégraissant blanc La céramique du groupe macroscopique 2 conserve la place occupée à la phase I, celle du deuxième groupe macroscopique le plus fréquent avec un total de 205 fragments dont 42 fragments diagnostique",img_2,0,Ch5,Ch5/Ch5_Fig8_2.jpeg,p. 187,Pellegrino,2021-11_Pellegrino_cér.pdf
Ch5_Fig9_1.jpeg,CERAMIC,Masafi-5 - Céramique (1600-600 av. J.-C.),Ch5_Fig9,188,,"M5-4169 et M5-12759, comportant un décor peint rouge constitué par de petits traits verticaux pa­ rallèles partant du bord du vase.",img_1,0,Ch5,Ch5/Ch5_Fig9_1.jpeg,p. 188,Pellegrino,2021-11_Pellegrino_cér.pdf
Ch5_Fig9_2.jpeg,CERAMIC,Masafi-5 - Céramique (1600-600 av. J.-C.),Ch5_Fig9,188,,"M5-4169 et M5-12759, comportant un décor peint rouge constitué par de petits traits verticaux pa­ rallèles partant du bord du vase.",img_2,0,Ch5,Ch5/Ch5_Fig9_2.jpeg,p. 188,Pellegrino,2021-11_Pellegrino_cér.pdf
Ch5_Fig10_1.jpeg,CERAMIC,Masafi-5 - Céramique (1600-600 av. J.-C.),Ch5_Fig10,188,,"Trois fragments remontés d’une grande jarre du groupe macroscopique 2a. Le reste du mobilier du groupe 2 comporte des fragments de bases qui apparaissent associés prin­ cipalement à des récipients de grandes dimensions, comme de grandes jarres (chapitre 5 fig. 10). 3. La céramique grossière à dégrai",img_1,0,Ch5,Ch5/Ch5_Fig10_1.jpeg,p. 188,Pellegrino,2021-11_Pellegrino_cér.pdf
Ch5_Fig10_2.jpeg,CERAMIC,Masafi-5 - Céramique (1600-600 av. J.-C.),Ch5_Fig10,188,,"Trois fragments remontés d’une grande jarre du groupe macroscopique 2a. Le reste du mobilier du groupe 2 comporte des fragments de bases qui apparaissent associés prin­ cipalement à des récipients de grandes dimensions, comme de grandes jarres (chapitre 5 fig. 10). 3. La céramique grossière à dégrai",img_2,0,Ch5,Ch5/Ch5_Fig10_2.jpeg,p. 188,Pellegrino,2021-11_Pellegrino_cér.pdf
Ch5_Fig11_1.jpeg,CERAMIC,Masafi-5 - Céramique (1600-600 av. J.-C.),Ch5_Fig11,189,,"M5-13202, fragment d’une base de grand récipient ouvert en céramique grossière à dégraissant rouge et noir.",img_1,0,Ch5,Ch5/Ch5_Fig11_1.jpeg,p. 189,Pellegrino,2021-11_Pellegrino_cér.pdf
Ch5_Fig11_2.jpeg,CERAMIC,Masafi-5 - Céramique (1600-600 av. J.-C.),Ch5_Fig11,189,,"M5-13202, fragment d’une base de grand récipient ouvert en céramique grossière à dégraissant rouge et noir.",img_2,0,Ch5,Ch5/Ch5_Fig11_2.jpeg,p. 189,Pellegrino,2021-11_Pellegrino_cér.pdf
Ch5_Fig12_1.jpeg,CERAMIC,Phase IC (Masafi-5),Ch5_Fig12,190,,"M5-10373, col de cruche à lèvre éversée et arrondie avec une anse de section ovale (CR). La phase IC Le corpus de la phase IC est constitué par 3855 tessons distribués sur l’ensemble des terrasses du site, à l’exception de la terrasse V. Cette phase est marquée par la présence de sols associés à des",img_1,0,Ch5,Ch5/Ch5_Fig12_1.jpeg,p. 190,Pellegrino,2021-11_Pellegrino_cér.pdf
Ch5_Fig13_1.jpeg,CERAMIC,Masafi-5 - Céramique (1600-600 av. J.-C.),Ch5_Fig13,191,,"M5-10533, bord d’un grand récipient ouvert avec un décor peint en rouge présent sur la surface externe (3 lignes ondulées) et interne (2 lignes ondulées). Les bols moyens et petits se retrouvent également en assez grand nombre dans cette phase (27 fragments diagnostiques) et présentent également des",img_1,0,Ch5,Ch5/Ch5_Fig13_1.jpeg,p. 191,Pellegrino,2021-11_Pellegrino_cér.pdf
Ch5_Fig14_1.jpeg,CERAMIC,Masafi-5 - Céramique (1600-600 av. J.-C.),Ch5_Fig14,192,,Quatre exemplaires de becs cylindri­ ques avec de décors peints en rouge ou brun foncé autour du bec ou sous le bord sur la surface interne ou externe.,img_1,0,Ch5,Ch5/Ch5_Fig14_1.jpeg,p. 192,Pellegrino,2021-11_Pellegrino_cér.pdf
Ch5_Fig14_2.jpeg,CERAMIC,Masafi-5 - Céramique (1600-600 av. J.-C.),Ch5_Fig14,192,,Quatre exemplaires de becs cylindri­ ques avec de décors peints en rouge ou brun foncé autour du bec ou sous le bord sur la surface interne ou externe.,img_2,0,Ch5,Ch5/Ch5_Fig14_2.jpeg,p. 192,Pellegrino,2021-11_Pellegrino_cér.pdf
Ch5_Fig15_1.jpeg,CERAMIC,Phase III (Masafi-5),Ch5_Fig15,192,,"Vase miniature M5-9474 du groupe 1c. Peu de céramiques de la variante grossière 1a sont associés aux niveaux de la phase III sur cette terrasse. Au total on compte 7 fragments de grands récipients ouverts à lèvre simple, verticale et arrondie (GRO-02) ou à lèvre horizontale ou aplatie (GRO-01) et 1 ",img_1,0,Ch5,Ch5/Ch5_Fig15_1.jpeg,p. 192,Pellegrino,2021-11_Pellegrino_cér.pdf
Ch5_Fig15_2.jpeg,CERAMIC,Phase III (Masafi-5),Ch5_Fig15,192,,"Vase miniature M5-9474 du groupe 1c. Peu de céramiques de la variante grossière 1a sont associés aux niveaux de la phase III sur cette terrasse. Au total on compte 7 fragments de grands récipients ouverts à lèvre simple, verticale et arrondie (GRO-02) ou à lèvre horizontale ou aplatie (GRO-01) et 1 ",img_2,0,Ch5,Ch5/Ch5_Fig15_2.jpeg,p. 192,Pellegrino,2021-11_Pellegrino_cér.pdf
Ch5_Fig16_1.jpeg,CERAMIC,Phase II (Masafi-5),Ch5_Fig16,193,,"Petit bol avec un décor peint composé par une ligne ondulée et des simples points. 2. La céramique à gros dégraissant blanc La céramique du groupe 2, bien que peu abondante par rapport aux céramiques à dég­ raissant gris-vert, passe de 3,2% lors de la phase II à 3,8% dans la phase III, avec 141 tes­",img_1,0,Ch5,Ch5/Ch5_Fig16_1.jpeg,p. 193,Pellegrino,2021-11_Pellegrino_cér.pdf
Ch5_Fig17_1.jpeg,CERAMIC,Phase III (Masafi-5),Ch5_Fig17,194,,"MSF5-11755, fragment de grand récip­ ient ouvert à lèvre simple, verticale et arrondie (GRO-02). 3. La céramique à dégraissant grossier noir et rouge La céramique du groupe 3 regroupe 47 tessons, qui correspondent à 1,2% du corpus total de la phase III. Comme pour le groupe 2, on remarque que le nom",img_1,0,Ch5,Ch5/Ch5_Fig17_1.jpeg,p. 194,Pellegrino,2021-11_Pellegrino_cér.pdf
Ch5_Fig18_1.jpeg,CERAMIC,Masafi-5 - Céramique (1600-600 av. J.-C.),Ch5_Fig18,195,,Trois exemplaires de gobelets à paroi rectiligne ou légèrement convexe.,img_1,0,Ch5,Ch5/Ch5_Fig18_1.jpeg,p. 195,Pellegrino,2021-11_Pellegrino_cér.pdf
Ch5_Fig18_2.jpeg,CERAMIC,Masafi-5 - Céramique (1600-600 av. J.-C.),Ch5_Fig18,195,,Trois exemplaires de gobelets à paroi rectiligne ou légèrement convexe.,img_2,0,Ch5,Ch5/Ch5_Fig18_2.jpeg,p. 195,Pellegrino,2021-11_Pellegrino_cér.pdf
Ch5_Fig19_1.jpeg,CERAMIC,Masafi-5 - Céramique (1600-600 av. J.-C.),Ch5_Fig19,196,,Exemplaire de grand récipient ouvert (GRO-02) archéologiquement complet. 1. La céramique à dégraissant gris-vert Cette phase est caractérisée par le maintien d’une forte proportion des céramiques du groupe 1. Ce groupe macroscopique qui reste largement majoritaire (86%) comprend 2700 tessons dont la,img_1,0,Ch5,Ch5/Ch5_Fig19_1.jpeg,p. 196,Pellegrino,2021-11_Pellegrino_cér.pdf
Ch5_Fig20_1.jpeg,CERAMIC,Fer II (1250-600 av. J.-C.),Ch5_Fig20,198,,Fragment en céramique commune orange/rouge typique de l’âge du Fer II.,img_1,0,Ch5,Ch5/Ch5_Fig20_1.jpeg,p. 198,Pellegrino,2021-11_Pellegrino_cér.pdf
Ch5_Fig20_2.jpeg,CERAMIC,Fer II (1250-600 av. J.-C.),Ch5_Fig20,198,,Fragment en céramique commune orange/rouge typique de l’âge du Fer II.,img_2,0,Ch5,Ch5/Ch5_Fig20_2.jpeg,p. 198,Pellegrino,2021-11_Pellegrino_cér.pdf
Ch5_Fig21_1.jpeg,CERAMIC,Phase IA (Masafi-5),Ch5_Fig21,201,,"Un exemplaire de vase à bec cylindrique (VBC) retrouvé dans la fosse C1421. 2. La céramique à gros dégraissant blanc (groupe 2) A la phase IA, le groupe macroscopique 2 est représenté par 15 tessons dont 7 fragments diagnostiques. Quatre formes appartiennent à la variante 2a et 3 formes à la variant",img_1,0,Ch5,Ch5/Ch5_Fig21_1.jpeg,p. 201,Pellegrino,2021-11_Pellegrino_cér.pdf
Ch5_Fig22_1.jpeg,CERAMIC,Masafi-5 - Céramique (1600-600 av. J.-C.),Ch5_Fig22,202,,"Un fragment diagnostique en céramique rou­ ge, très friable, à dégraissant rouge (groupe « autres céramiques »).",img_1,0,Ch5,Ch5/Ch5_Fig22_1.jpeg,p. 202,Pellegrino,2021-11_Pellegrino_cér.pdf
Ch5_Fig22_2.jpeg,CERAMIC,Masafi-5 - Céramique (1600-600 av. J.-C.),Ch5_Fig22,202,,"Un fragment diagnostique en céramique rou­ ge, très friable, à dégraissant rouge (groupe « autres céramiques »).",img_2,0,Ch5,Ch5/Ch5_Fig22_2.jpeg,p. 202,Pellegrino,2021-11_Pellegrino_cér.pdf
Ch5_Fig23_1.jpeg,CERAMIC,Masafi-5 - Céramique (1600-600 av. J.-C.),Ch5_Fig23,203,,Trois exemplaires des petites jarres ap­ partenant au sous-groupe PJ-01.,img_1,0,Ch5,Ch5/Ch5_Fig23_1.jpeg,p. 203,Pellegrino,2021-11_Pellegrino_cér.pdf
Ch5_Fig24_1.jpeg,CERAMIC,Phase IC (Masafi-5),Ch5_Fig24,205,,"Base en céramique grossière à dégraissant blanc (groupe 2a) retrouvée dans la phase IC, avec des traces de tournage.",img_1,0,Ch5,Ch5/Ch5_Fig24_1.jpeg,p. 205,Pellegrino,2021-11_Pellegrino_cér.pdf
Ch5_Fig25_1.jpeg,CERAMIC,Masafi-5 - Céramique (1600-600 av. J.-C.),Ch5_Fig25,207,,Fragment d’un grand récipient ou­ vert avec deux lignes ondulées sur la surface externe et interne ; une ligne ondulée est réalisée aussi sur le bord.,img_1,0,Ch5,Ch5/Ch5_Fig25_1.jpeg,p. 207,Pellegrino,2021-11_Pellegrino_cér.pdf
Ch5_Fig25_2.jpeg,CERAMIC,Masafi-5 - Céramique (1600-600 av. J.-C.),Ch5_Fig25,207,,Fragment d’un grand récipient ou­ vert avec deux lignes ondulées sur la surface externe et interne ; une ligne ondulée est réalisée aussi sur le bord.,img_2,0,Ch5,Ch5/Ch5_Fig25_2.jpeg,p. 207,Pellegrino,2021-11_Pellegrino_cér.pdf
Ch5_Fig26_1.jpeg,CERAMIC,Phase I (Masafi-5),Ch5_Fig26,207,,Petit bol ou coupelle archéologiq­ uement complète. 2. La céramique à gros dégraissant blanc (groupe 2) 75 tessons dont 10 fragments diagnostiques du groupe 2 ont été mis au jour dans la phase ID. Cette céramique se caractérise toujours par la prépondérance de formes fermées. La variante 2a inclut u,img_1,0,Ch5,Ch5/Ch5_Fig26_1.jpeg,p. 207,Pellegrino,2021-11_Pellegrino_cér.pdf
Ch5_Fig26_2.jpeg,CERAMIC,Phase I (Masafi-5),Ch5_Fig26,207,,Petit bol ou coupelle archéologiq­ uement complète. 2. La céramique à gros dégraissant blanc (groupe 2) 75 tessons dont 10 fragments diagnostiques du groupe 2 ont été mis au jour dans la phase ID. Cette céramique se caractérise toujours par la prépondérance de formes fermées. La variante 2a inclut u,img_2,0,Ch5,Ch5/Ch5_Fig26_2.jpeg,p. 207,Pellegrino,2021-11_Pellegrino_cér.pdf
Ch5_Fig27_1.jpeg,CERAMIC,Masafi-5 - Céramique (1600-600 av. J.-C.),Ch5_Fig27,210,,"Deux fragments de bassins (sous-groupes GRO-O1 et GRO-02) avec des lignes ondulées discontinues sur la surface internes. La variante fine 1c n’inclut que 6 fragments diagnostiques. Il s’agit de 3 fragments de grands récipients ouverts (GRO-03, GRO-01), 1 bol moyen à lèvre légèrement éversée et horiz",img_1,0,Ch5,Ch5/Ch5_Fig27_1.jpeg,p. 210,Pellegrino,2021-11_Pellegrino_cér.pdf
Ch5_Fig28_1.jpeg,CERAMIC,Phase IA (Masafi-5),Ch5_Fig28,211,,"Fragment d’un récipient fermé (RF-01) décoré avec une ligne ondulé sous le bord. 2. La céramique à gros dégraissant blanc (groupe 2) Dans la phase IA, le groupe des céramiques à gros dégraissant blanc est toujours le deuxième groupe macroscopique le plus fréquent après le groupe 1. Cependant, seuls ",img_1,0,Ch5,Ch5/Ch5_Fig28_1.jpeg,p. 211,Pellegrino,2021-11_Pellegrino_cér.pdf
Ch5_Fig29_1.jpeg,CERAMIC,Phase IB (Masafi-5),Ch5_Fig29,212,,"Trois fragments des grandes jarres appar­ tenant à trois sous-groupes différents (GJ-01, GJ-02 et GJ-03). La phase IB La phase IB a livré 1193 tessons, dont 187 fragments diagnostiques. Un corpus de taille importante mais qui contenait très peu de formes. 55% de l’assemblage proviennent de la terras",img_1,0,Ch5,Ch5/Ch5_Fig29_1.jpeg,p. 212,Pellegrino,2021-11_Pellegrino_cér.pdf
Ch5_Fig29_2.jpeg,CERAMIC,Phase IB (Masafi-5),Ch5_Fig29,212,,"Trois fragments des grandes jarres appar­ tenant à trois sous-groupes différents (GJ-01, GJ-02 et GJ-03). La phase IB La phase IB a livré 1193 tessons, dont 187 fragments diagnostiques. Un corpus de taille importante mais qui contenait très peu de formes. 55% de l’assemblage proviennent de la terras",img_2,0,Ch5,Ch5/Ch5_Fig29_2.jpeg,p. 212,Pellegrino,2021-11_Pellegrino_cér.pdf
Ch5_Fig30_1.jpeg,CERAMIC,Masafi-5 - Céramique (1600-600 av. J.-C.),Ch5_Fig30,231,,"ID.45, à gauche base intérieure présentant un exemple de dépressions sub-circulaires et concaves ; à droite détail des macrotraces visibles sur le fond de la pièce. Selon Livingstone-Smith les colombins sont aussi bien identifiables par l’observation des sections des tessons en vue radiale ou tangen",img_1,0,Ch5,Ch5/Ch5_Fig30_1.jpeg,p. 231,Pellegrino,2021-11_Pellegrino_cér.pdf
Ch5_Fig30_2.jpeg,CERAMIC,Masafi-5 - Céramique (1600-600 av. J.-C.),Ch5_Fig30,231,,"ID.45, à gauche base intérieure présentant un exemple de dépressions sub-circulaires et concaves ; à droite détail des macrotraces visibles sur le fond de la pièce. Selon Livingstone-Smith les colombins sont aussi bien identifiables par l’observation des sections des tessons en vue radiale ou tangen",img_2,0,Ch5,Ch5/Ch5_Fig30_2.jpeg,p. 231,Pellegrino,2021-11_Pellegrino_cér.pdf
Ch5_Fig31_1.jpeg,CERAMIC,Masafi-5 - Céramique (1600-600 av. J.-C.),Ch5_Fig31,232,,"ID. 60, à gauche photo générale de la base, à droite vu du plan radiale au niveau de la base et de la partie inférieure du vase.",img_1,0,Ch5,Ch5/Ch5_Fig31_1.jpeg,p. 232,Pellegrino,2021-11_Pellegrino_cér.pdf
Ch5_Fig31_2.jpeg,CERAMIC,Masafi-5 - Céramique (1600-600 av. J.-C.),Ch5_Fig31,232,,"ID. 60, à gauche photo générale de la base, à droite vu du plan radiale au niveau de la base et de la partie inférieure du vase.",img_2,0,Ch5,Ch5/Ch5_Fig31_2.jpeg,p. 232,Pellegrino,2021-11_Pellegrino_cér.pdf
Ch5_Fig31_3.jpeg,CERAMIC,Masafi-5 - Céramique (1600-600 av. J.-C.),Ch5_Fig31,232,,"ID. 60, à gauche photo générale de la base, à droite vu du plan radiale au niveau de la base et de la partie inférieure du vase.",img_3,0,Ch5,Ch5/Ch5_Fig31_3.jpeg,p. 232,Pellegrino,2021-11_Pellegrino_cér.pdf
Ch5_Fig37_1.jpeg,CERAMIC,Masafi-5 - Céramique (1600-600 av. J.-C.),Ch5_Fig37,237,,"ID.133, base appartenant vraisem­ blablement à un grand récipient ouvert du groupe 1b avec des traces du lissage grossier sur la surface interne. DEUXIÈME PARTIE",img_1,0,Ch5,Ch5/Ch5_Fig37_1.jpeg,p. 237,Pellegrino,2021-11_Pellegrino_cér.pdf
Ch5_Fig38_1.jpeg,CERAMIC,Masafi-5 - Céramique (1600-600 av. J.-C.),Ch5_Fig38,239,,"M5-8193, exemple d’un fragment avec un engobe beige clair.",img_1,0,Ch5,Ch5/Ch5_Fig38_1.jpeg,p. 239,Pellegrino,2021-11_Pellegrino_cér.pdf
Ch5_Fig38_2.jpeg,CERAMIC,Masafi-5 - Céramique (1600-600 av. J.-C.),Ch5_Fig38,239,,"M5-8193, exemple d’un fragment avec un engobe beige clair.",img_2,0,Ch5,Ch5/Ch5_Fig38_2.jpeg,p. 239,Pellegrino,2021-11_Pellegrino_cér.pdf
Ch5_Fig39_1.jpeg,CERAMIC,Masafi-5 - Céramique (1600-600 av. J.-C.),Ch5_Fig39,239,,"M5-10816, un des très rares exemples à Masafi-5 exemple de fragment portant un engobe noir. La plupart des engobes attestés sont de couleur beige pâle, le restant étant de couleur rou­ ge-orangé ou noir. La couleur beige-pâle est associée au tesson du groupe macroscopique 1 tandis que le rouge-orang",img_1,0,Ch5,Ch5/Ch5_Fig39_1.jpeg,p. 239,Pellegrino,2021-11_Pellegrino_cér.pdf
Ch5_Fig39_2.jpeg,CERAMIC,Masafi-5 - Céramique (1600-600 av. J.-C.),Ch5_Fig39,239,,"M5-10816, un des très rares exemples à Masafi-5 exemple de fragment portant un engobe noir. La plupart des engobes attestés sont de couleur beige pâle, le restant étant de couleur rou­ ge-orangé ou noir. La couleur beige-pâle est associée au tesson du groupe macroscopique 1 tandis que le rouge-orang",img_2,0,Ch5,Ch5/Ch5_Fig39_2.jpeg,p. 239,Pellegrino,2021-11_Pellegrino_cér.pdf
Ch5_Fig40_1.jpeg,CERAMIC,Masafi-5 - Céramique (1600-600 av. J.-C.),Ch5_Fig40,241,,Quelques exemplaires de fragments peints décorés avec différents thèmes décoratifs.,img_1,0,Ch5,Ch5/Ch5_Fig40_1.jpeg,p. 241,Pellegrino,2021-11_Pellegrino_cér.pdf
Ch5_Fig40_2.jpeg,CERAMIC,Masafi-5 - Céramique (1600-600 av. J.-C.),Ch5_Fig40,241,,Quelques exemplaires de fragments peints décorés avec différents thèmes décoratifs.,img_2,0,Ch5,Ch5/Ch5_Fig40_2.jpeg,p. 241,Pellegrino,2021-11_Pellegrino_cér.pdf
Ch5_Fig41_1.jpeg,CERAMIC,Masafi-5 - Céramique (1600-600 av. J.-C.),Ch5_Fig41,241,,"M5-11400, fragment d’une petite jarre à col à décor peint rouge composé par trois lignes ondulées entrecoupées de petits points. Parfois les lignes ondulées peuvent être associés à des points ou des lignes irrégulières, comme dans les cas des deux fragments illustrés ci-dessous (chapitre 5 figs. 41-",img_1,0,Ch5,Ch5/Ch5_Fig41_1.jpeg,p. 241,Pellegrino,2021-11_Pellegrino_cér.pdf
Ch5_Fig41_2.jpeg,CERAMIC,Masafi-5 - Céramique (1600-600 av. J.-C.),Ch5_Fig41,241,,"M5-11400, fragment d’une petite jarre à col à décor peint rouge composé par trois lignes ondulées entrecoupées de petits points. Parfois les lignes ondulées peuvent être associés à des points ou des lignes irrégulières, comme dans les cas des deux fragments illustrés ci-dessous (chapitre 5 figs. 41-",img_2,0,Ch5,Ch5/Ch5_Fig41_2.jpeg,p. 241,Pellegrino,2021-11_Pellegrino_cér.pdf
Ch5_Fig42_1.jpeg,CERAMIC,Masafi-5 - Céramique (1600-600 av. J.-C.),Ch5_Fig42,242,,"M5-8796, fragment d’un récipient fermé avec une ligne ondulée verticale et des lignes irrég­ ulières qui semblent créer un motif rappellant celui de la guilloche avec cercle, typique de l’âge du Fer.",img_1,0,Ch5,Ch5/Ch5_Fig42_1.jpeg,p. 242,Pellegrino,2021-11_Pellegrino_cér.pdf
Ch5_Fig42_2.jpeg,CERAMIC,Masafi-5 - Céramique (1600-600 av. J.-C.),Ch5_Fig42,242,,"M5-8796, fragment d’un récipient fermé avec une ligne ondulée verticale et des lignes irrég­ ulières qui semblent créer un motif rappellant celui de la guilloche avec cercle, typique de l’âge du Fer.",img_2,0,Ch5,Ch5/Ch5_Fig42_2.jpeg,p. 242,Pellegrino,2021-11_Pellegrino_cér.pdf
Ch5_Fig43_1.jpeg,CERAMIC,Masafi-5 - Céramique (1600-600 av. J.-C.),Ch5_Fig43,243,,"M5-8789, fragment d’un grand récip­ ient ouvert avec décor peint en blanc. A Masafi-5, la majorité des décors peints se trouvent sur les grands récipients ouverts ainsi que sur les bols moyens et petits, à usage vraisemblablement courant et/ou domestique. Ces décors sont cependant presque toujours l",img_1,0,Ch5,Ch5/Ch5_Fig43_1.jpeg,p. 243,Pellegrino,2021-11_Pellegrino_cér.pdf
Ch5_Fig44_1.jpeg,CERAMIC,Masafi-5 - Céramique (1600-600 av. J.-C.),Ch5_Fig44,244,,"M5- 12198, fragment d’un grand récipient ouvert avec tâches de couleurs différents sur la paroi externe.",img_1,0,Ch5,Ch5/Ch5_Fig44_1.jpeg,p. 244,Pellegrino,2021-11_Pellegrino_cér.pdf
Ch5_Fig44_2.jpeg,CERAMIC,Masafi-5 - Céramique (1600-600 av. J.-C.),Ch5_Fig44,244,,"M5- 12198, fragment d’un grand récipient ouvert avec tâches de couleurs différents sur la paroi externe.",img_2,0,Ch5,Ch5/Ch5_Fig44_2.jpeg,p. 244,Pellegrino,2021-11_Pellegrino_cér.pdf
Ch5_Fig45_1.jpeg,CERAMIC,Masafi-5 - Céramique (1600-600 av. J.-C.),Ch5_Fig45,244,,"M5-11755, fragment d’un grand récipient ouvert du groupe 3 avec de «coups de feu». Sur un nombre important de fragments du groupe 3 (47%) des zones colorées au pourtour irrégulier sont également observables. Elles résultent directement de l’hétérogénéité de l’at­ mosphère de cuisson. Ces traces, de ",img_1,0,Ch5,Ch5/Ch5_Fig45_1.jpeg,p. 244,Pellegrino,2021-11_Pellegrino_cér.pdf
Ch5_Fig45_2.jpeg,CERAMIC,Masafi-5 - Céramique (1600-600 av. J.-C.),Ch5_Fig45,244,,"M5-11755, fragment d’un grand récipient ouvert du groupe 3 avec de «coups de feu». Sur un nombre important de fragments du groupe 3 (47%) des zones colorées au pourtour irrégulier sont également observables. Elles résultent directement de l’hétérogénéité de l’at­ mosphère de cuisson. Ces traces, de ",img_2,0,Ch5,Ch5/Ch5_Fig45_2.jpeg,p. 244,Pellegrino,2021-11_Pellegrino_cér.pdf
Ch6_Fig6_1.png,CERAMIC,Période 4 (Masafi-5),Ch6_Fig6,334,,"Plan de la zone ouest de l’habitat à la phase 4 (période 4b) (Velde 1992, fig. 13b). La présence de trous de poteaux dans le carré G7 laisse supposer la présence d’autres structures dans cette zone. Cependant, il est difficile d’en rendre compte aujourd’hui, les trous formés par les poteaux ne forma",img_1,0,Ch6,Ch6/Ch6_Fig6_1.png,p. 334,Pellegrino,2021-11_Pellegrino_cér.pdf
Ch6_Fig6_2.png,CERAMIC,Période 4 (Masafi-5),Ch6_Fig6,334,,"Plan de la zone ouest de l’habitat à la phase 4 (période 4b) (Velde 1992, fig. 13b). La présence de trous de poteaux dans le carré G7 laisse supposer la présence d’autres structures dans cette zone. Cependant, il est difficile d’en rendre compte aujourd’hui, les trous formés par les poteaux ne forma",img_2,0,Ch6,Ch6/Ch6_Fig6_2.png,p. 334,Pellegrino,2021-11_Pellegrino_cér.pdf
Ch6_Fig7_1.jpeg,CERAMIC,Période 3 (Masafi-5),Ch6_Fig7,337,,"Fragment d’une base du groupe ma­ croscopique 2 de la période 3. - La variante 2a comprend 216 fragments diagnostiques. Parmi les bases, on observe un nombre important de bases plates de grandes dimensions, probablement appartenant à des grandes jarres, ainsi qu’une vingtaine des bases qui pourraien",img_1,0,Ch6,Ch6/Ch6_Fig7_1.jpeg,p. 337,Pellegrino,2021-11_Pellegrino_cér.pdf
Ch6_Fig8_1.jpeg,CERAMIC,Période 3 (Masafi-5),Ch6_Fig8,338,,"Fragment d’un col de grande jarre de la variante GJ-05, de la période 3.",img_1,0,Ch6,Ch6/Ch6_Fig8_1.jpeg,p. 338,Pellegrino,2021-11_Pellegrino_cér.pdf
Ch6_Fig8_2.jpeg,CERAMIC,Période 3 (Masafi-5),Ch6_Fig8,338,,"Fragment d’un col de grande jarre de la variante GJ-05, de la période 3.",img_2,0,Ch6,Ch6/Ch6_Fig8_2.jpeg,p. 338,Pellegrino,2021-11_Pellegrino_cér.pdf
Ch6_Fig9_1.jpeg,CERAMIC,Période 3 (Masafi-5),Ch6_Fig9,338,,"Fragment d’une jarre moyenne (JM-01), la période 3. Les 36 bords en céramique grossière à dégraissant blanc (groupe 2a) correspondent prin­ cipalement à des formes fermées. On enregistre 14 bords de grandes jarres à col court ou sans col, à lèvre éversée et arrondie (GJ-02), 10 bords de grandes jarr",img_1,0,Ch6,Ch6/Ch6_Fig9_1.jpeg,p. 338,Pellegrino,2021-11_Pellegrino_cér.pdf
Ch6_Fig9_2.jpeg,CERAMIC,Période 3 (Masafi-5),Ch6_Fig9,338,,"Fragment d’une jarre moyenne (JM-01), la période 3. Les 36 bords en céramique grossière à dégraissant blanc (groupe 2a) correspondent prin­ cipalement à des formes fermées. On enregistre 14 bords de grandes jarres à col court ou sans col, à lèvre éversée et arrondie (GJ-02), 10 bords de grandes jarr",img_2,0,Ch6,Ch6/Ch6_Fig9_2.jpeg,p. 338,Pellegrino,2021-11_Pellegrino_cér.pdf
Ch6_Fig10_1.jpeg,CERAMIC,Période 3 (Masafi-5),Ch6_Fig10,339,,"Bord d’un petit bol (PB-01) avec un décor peint rouge (motif avec de traits courts parallèles) de la période 3b. Le groupe macroscopique 10, caractérisé par une pâte compacte de couleur beige jaunâtre, a livré 162 tessons dont 9 fragments diagnostiques. Les fragments de bases appartiennent très vrai",img_1,0,Ch6,Ch6/Ch6_Fig10_1.jpeg,p. 339,Pellegrino,2021-11_Pellegrino_cér.pdf
Ch6_Fig11_1.jpeg,CERAMIC,Masafi-5 - Synthèse (1600-600 av. J.-C.),Ch6_Fig11,340,,Fragment non diagnostique en céram­ ique grise de la phase 3b.,img_1,0,Ch6,Ch6/Ch6_Fig11_1.jpeg,p. 340,Pellegrino,2021-11_Pellegrino_cér.pdf
Ch6_Fig11_2.jpeg,CERAMIC,Masafi-5 - Synthèse (1600-600 av. J.-C.),Ch6_Fig11,340,,Fragment non diagnostique en céram­ ique grise de la phase 3b.,img_2,0,Ch6,Ch6/Ch6_Fig11_2.jpeg,p. 340,Pellegrino,2021-11_Pellegrino_cér.pdf
Ch6_Fig12_1.jpeg,CERAMIC,Bronze Récent (1600-1250 av. J.-C.),Ch6_Fig12,341,,"Fragment d’une base en céramique grossière à dégraissant blanc. 6.5.2 La période intermédiaire 3/4 Dans la séquence chronologique établie par C. Velde (1992), les niveaux du Bronze Récent (période 3) et du Fer I (périodes 4a et 4b), s’intercalent avec une période intermédiaire la période « 3/4 ». Au",img_1,0,Ch6,Ch6/Ch6_Fig12_1.jpeg,p. 341,Pellegrino,2021-11_Pellegrino_cér.pdf
Ch6_Fig12_2.jpeg,CERAMIC,Bronze Récent (1600-1250 av. J.-C.),Ch6_Fig12,341,,"Fragment d’une base en céramique grossière à dégraissant blanc. 6.5.2 La période intermédiaire 3/4 Dans la séquence chronologique établie par C. Velde (1992), les niveaux du Bronze Récent (période 3) et du Fer I (périodes 4a et 4b), s’intercalent avec une période intermédiaire la période « 3/4 ». Au",img_2,0,Ch6,Ch6/Ch6_Fig12_2.jpeg,p. 341,Pellegrino,2021-11_Pellegrino_cér.pdf
Ch6_Fig13_1.jpeg,CERAMIC,Masafi-5 - Synthèse (1600-600 av. J.-C.),Ch6_Fig13,342,,"Fragment d’une petite jarre (PJ-01) retrouvé dans la période intermédiaire 3/4. Parmi les fragments diagnostiques de la variante grossière (2a), on dénombre 65 bases (chapitre 6 fig. 12) (dont 3 bases de gobelets à pied (GP)) et 10 bords. Les bords appar­ tiennent tous à des récipients fermés. Dans ",img_1,0,Ch6,Ch6/Ch6_Fig13_1.jpeg,p. 342,Pellegrino,2021-11_Pellegrino_cér.pdf
Ch6_Fig14_1.jpeg,CERAMIC,Fer I (1250-600 av. J.-C.),Ch6_Fig14,344,,"Fragment d’un plat retrouvé dans la période 4b. 6.5.3 Les périodes 4a et 4b (Fer I) Les vestiges datés de l’âge du Fer I (périodes 4a et 4b) ont été identifiés dans la partie ouest de l’habitat. Au cours de la période 4a, des restes des structures de type barasti ou arish ont été mis au jour, tandis",img_1,0,Ch6,Ch6/Ch6_Fig14_1.jpeg,p. 344,Pellegrino,2021-11_Pellegrino_cér.pdf
Ch6_Fig15_1.jpeg,CERAMIC,Période 4 (Masafi-5),Ch6_Fig15,345,,"Base d’un gobelet à pied (GP) retrouvé dans la période 4a. Les formes fermées incluent 4 fragments des grandes jarres appartenant aux variantes GJ-01 et GJ-02 et 5 exemplaires des jarres moyennes réparties dans les sous-groupes JM- 01, JM-02 et JM-03. Les formes ouvertes comprennent 2 bords de bassi",img_1,0,Ch6,Ch6/Ch6_Fig15_1.jpeg,p. 345,Pellegrino,2021-11_Pellegrino_cér.pdf
Ch7_Fig2_1.jpeg,CERAMIC,Tell Abraq (Umm an-Nar / Wadi Suq),Ch7_Fig2,350,,"Vue aérienne de l’extension de la fouille de Tell Abraq en 1993 (Potts 2000, p. 21). Tell Abraq se trouve actuellement à quelques kilomètres de la côte du Golfe persique. A l’âge du Bronze, il se serait situé situé à une centaine de mètres de la mer (Blau 1996, p. 150) et peut donc être considéré co",img_1,0,Ch7,Ch7/Ch7_Fig2_1.jpeg,p. 350,Pellegrino,2021-11_Pellegrino_cér.pdf
Ch7_Fig3_1.jpeg,CERAMIC,Wadi Suq (2000-1600 av. J.-C.),Ch7_Fig3,352,,"Vue de la tombe Umm an-Nar à la fin de la fouille en 1998 (Potts 2000, p. 21). Le début de la période Wadi Suq est marqué par de nouvelles constructions. Un mur circulaire en pierres (locus 40) a été construit au sommet de la tour Umm an-Nar (Potts 1990, pp. 33-37). Dès cette période se développe su",img_1,0,Ch7,Ch7/Ch7_Fig3_1.jpeg,p. 352,Pellegrino,2021-11_Pellegrino_cér.pdf
Ch7_Fig5_1.jpeg,CERAMIC,Tell Abraq (Umm an-Nar / Wadi Suq),Ch7_Fig5,355,,"Coupe transversale orientée nord-sud du monticule montrant le système des terrasses. La terrasse 3 est mise en évidence en rouge (d’après Magee et al. 2017, fig. 12).",img_1,0,Ch7,Ch7/Ch7_Fig5_1.jpeg,p. 355,Pellegrino,2021-11_Pellegrino_cér.pdf
Ch7_Fig5_2.jpeg,CERAMIC,Tell Abraq (Umm an-Nar / Wadi Suq),Ch7_Fig5,355,,"Coupe transversale orientée nord-sud du monticule montrant le système des terrasses. La terrasse 3 est mise en évidence en rouge (d’après Magee et al. 2017, fig. 12).",img_2,0,Ch7,Ch7/Ch7_Fig5_2.jpeg,p. 355,Pellegrino,2021-11_Pellegrino_cér.pdf
Ch7_Fig7_1.jpeg,CERAMIC,Tell Abraq (Umm an-Nar / Wadi Suq),Ch7_Fig7,356,,"Photo du niveau « Set 14 » avec les trous de poteaux et le mur de soutèn­ ement appelé « Set 26 » dans la tranchée 2, sur la terrasse 3 (Magee et al. 2017, fig. 13).La ter­ rasse 3 est mise en évidence en rouge (d’après Magee et al. 2017, fig. 12). L’orientation des trous de poteaux, suivant un axe ",img_1,0,Ch7,Ch7/Ch7_Fig7_1.jpeg,p. 356,Pellegrino,2021-11_Pellegrino_cér.pdf
Ch7_Fig9_1.jpeg,CERAMIC,Tell Abraq (Umm an-Nar / Wadi Suq),Ch7_Fig9,364,,"Bord d’une grande jarre du sous-groupe GJ-01 en céramique grossière à dégraissant blanc (groupe 2). La fouille du locus 5335 a livré 15 fragments non diagnostiques, aucune forme n’a donc été collectée. Il s’agit de 9 céramiques à dégraissant blanc (groupe 2), 3 céramiques à dégraissant gris-vert (gr",img_1,0,Ch7,Ch7/Ch7_Fig9_1.jpeg,p. 364,Pellegrino,2021-11_Pellegrino_cér.pdf
Ch7_Fig9_2.jpeg,CERAMIC,Tell Abraq (Umm an-Nar / Wadi Suq),Ch7_Fig9,364,,"Bord d’une grande jarre du sous-groupe GJ-01 en céramique grossière à dégraissant blanc (groupe 2). La fouille du locus 5335 a livré 15 fragments non diagnostiques, aucune forme n’a donc été collectée. Il s’agit de 9 céramiques à dégraissant blanc (groupe 2), 3 céramiques à dégraissant gris-vert (gr",img_2,0,Ch7,Ch7/Ch7_Fig9_2.jpeg,p. 364,Pellegrino,2021-11_Pellegrino_cér.pdf
Ch7_Fig9_3.jpeg,CERAMIC,Tell Abraq (Umm an-Nar / Wadi Suq),Ch7_Fig9,364,,"Bord d’une grande jarre du sous-groupe GJ-01 en céramique grossière à dégraissant blanc (groupe 2). La fouille du locus 5335 a livré 15 fragments non diagnostiques, aucune forme n’a donc été collectée. Il s’agit de 9 céramiques à dégraissant blanc (groupe 2), 3 céramiques à dégraissant gris-vert (gr",img_3,0,Ch7,Ch7/Ch7_Fig9_3.jpeg,p. 364,Pellegrino,2021-11_Pellegrino_cér.pdf
Ch7_Fig10_1.jpeg,CERAMIC,Tell Abraq (Umm an-Nar / Wadi Suq),Ch7_Fig10,366,,Exemplaire d’un bord du groupe 1 avec un décor peint (ligne ondulée).,img_1,0,Ch7,Ch7/Ch7_Fig10_1.jpeg,p. 366,Pellegrino,2021-11_Pellegrino_cér.pdf
Ch7_Fig11_1.jpeg,CERAMIC,Tell Abraq (Umm an-Nar / Wadi Suq),Ch7_Fig11,367,,"Séquence des niveaux fouillés dans les trois ex­ tensions de la tranchée 4. La céramique de la tranchée 4 (terrasse 3) La tranchée 4 est également située dans la terrasse 3. Un espace de 3 m sépare les tranchées 2 et 4, il n’existe donc pas de connexion stratigraphique directe entre les niveaux des ",img_1,0,Ch7,Ch7/Ch7_Fig11_1.jpeg,p. 367,Pellegrino,2021-11_Pellegrino_cér.pdf
Ch7_Fig11_2.png,CERAMIC,Tell Abraq (Umm an-Nar / Wadi Suq),Ch7_Fig11,367,,"Séquence des niveaux fouillés dans les trois ex­ tensions de la tranchée 4. La céramique de la tranchée 4 (terrasse 3) La tranchée 4 est également située dans la terrasse 3. Un espace de 3 m sépare les tranchées 2 et 4, il n’existe donc pas de connexion stratigraphique directe entre les niveaux des ",img_2,0,Ch7,Ch7/Ch7_Fig11_2.png,p. 367,Pellegrino,2021-11_Pellegrino_cér.pdf
Ch7_Fig12_1.jpeg,CERAMIC,Tell Abraq (Umm an-Nar / Wadi Suq),Ch7_Fig12,370,,"Bord d’une jarre de la variante GJ-02, du groupe 5.",img_1,0,Ch7,Ch7/Ch7_Fig12_1.jpeg,p. 370,Pellegrino,2021-11_Pellegrino_cér.pdf
Ch7_Fig12_2.jpeg,CERAMIC,Tell Abraq (Umm an-Nar / Wadi Suq),Ch7_Fig12,370,,"Bord d’une jarre de la variante GJ-02, du groupe 5.",img_2,0,Ch7,Ch7/Ch7_Fig12_2.jpeg,p. 370,Pellegrino,2021-11_Pellegrino_cér.pdf
Ch7_Fig13_1.jpeg,CERAMIC,Tell Abraq (Umm an-Nar / Wadi Suq),Ch7_Fig13,370,,"Fragment du groupe 11 orné d’un cordon. Les céramiques exogènes sont représentées par 3 tessons du groupe 11 et 2 tessons du groupe 10. Le groupe 6 inclut 3 fragments, le groupe 3 2 tessons et le groupe 1 un seul tesson. Enfin, 10 tessons font partie du groupe « autres céramiques », parmi lesquelles",img_1,0,Ch7,Ch7/Ch7_Fig13_1.jpeg,p. 370,Pellegrino,2021-11_Pellegrino_cér.pdf
Ch7_Fig13_2.jpeg,CERAMIC,Tell Abraq (Umm an-Nar / Wadi Suq),Ch7_Fig13,370,,"Fragment du groupe 11 orné d’un cordon. Les céramiques exogènes sont représentées par 3 tessons du groupe 11 et 2 tessons du groupe 10. Le groupe 6 inclut 3 fragments, le groupe 3 2 tessons et le groupe 1 un seul tesson. Enfin, 10 tessons font partie du groupe « autres céramiques », parmi lesquelles",img_2,0,Ch7,Ch7/Ch7_Fig13_2.jpeg,p. 370,Pellegrino,2021-11_Pellegrino_cér.pdf
Ch7_Fig14_1.jpeg,CERAMIC,Tell Abraq (Umm an-Nar / Wadi Suq),Ch7_Fig14,371,,Bord d’un bol à lèvre arrondie (BM-01) en céramique à dégraissant rouge et noir (grou­ pe macroscopique 3). TROISIÈME PARTIE,img_1,0,Ch7,Ch7/Ch7_Fig14_1.jpeg,p. 371,Pellegrino,2021-11_Pellegrino_cér.pdf
Ch8_Fig5_1.jpeg,CERAMIC,,Ch8_Fig5,379,,"Section 42 est avec les contextes de la phase 3 : 22020, 32026 et 32027 (partie gauche) et 42026, 42028, 42036 (partie droite) mis en évidence en jaune (d’après Carter 1997, fig. 15). Elles apparaissent en base de section : la couche 42036, la plus profonde est coupée au nord par la paroi du fossé q",img_1,0,Ch8,Ch8/Ch8_Fig5_1.jpeg,p. 379,Pellegrino,2021-11_Pellegrino_cér.pdf
Ch8_Fig12_1.jpeg,CERAMIC,Fer I (1250-600 av. J.-C.),Ch8_Fig12,385,,"42025, couche datée au Fer I, appartenant à la phase 5. Selon R. Carter, le mur 42009 fut probablement construit vers la fin de la période du Fer I et con­ tinua à être utilisé pendant le Fer II : le niveau 32037 fut recouvert d’une autre couche de briques crues (32036), qui contient de la céramique",img_1,0,Ch8,Ch8/Ch8_Fig12_1.jpeg,p. 385,Pellegrino,2021-11_Pellegrino_cér.pdf
Ch8_Fig12_2.jpeg,CERAMIC,Fer I (1250-600 av. J.-C.),Ch8_Fig12,385,,"42025, couche datée au Fer I, appartenant à la phase 5. Selon R. Carter, le mur 42009 fut probablement construit vers la fin de la période du Fer I et con­ tinua à être utilisé pendant le Fer II : le niveau 32037 fut recouvert d’une autre couche de briques crues (32036), qui contient de la céramique",img_2,0,Ch8,Ch8/Ch8_Fig12_2.jpeg,p. 385,Pellegrino,2021-11_Pellegrino_cér.pdf
Ch9_Fig3_1.png,CERAMIC,Wadi Suq (2000-1600 av. J.-C.),Ch9_Fig3,405,,"Plan et coupe du bâtiment H6 sur le Jebel 3 (Jasim 2000, fig.14). 9.2 L’assemblage céramique : l’évolution de la céramique du Wadi Suq à l’âge du Fer Le mobilier mis au jour dans le site multi‐périodes de Khor Fakkan n’étant pas associé à des contextes stratigraphiques dans la publication (Jasim 200",img_1,0,Ch9,Ch9/Ch9_Fig3_1.png,p. 405,Pellegrino,2021-11_Pellegrino_cér.pdf
Ch9_Fig5_1.png,CERAMIC,Khor Fakkan (Wadi Suq),Ch9_Fig5,407,,"Fragment d’un vase à bec cylindrique retrouvé à Khor Fakkan (d’après Jasim 2000, fig. 35). TROISIÈME PARTIE",img_1,0,Ch9,Ch9/Ch9_Fig5_1.png,p. 407,Pellegrino,2021-11_Pellegrino_cér.pdf
Ch10_Fig6_1.jpeg,CERAMIC,"Dibba/Qidfa (Wadi Suq, 2000-1600 av. J.-C.)",Ch10_Fig6,412,,"Premier dépôt d’objets dans la fosse 3 (Genchi 2014, fig. 8). Ces objets représentent vraisemblablement des offrandes rituelles, faites lors d’une éventuelle cérémonie funéraire, avant la fermeture de la tombe collective LCG-1. L’analyse de la coupe stratigraphique permet d’observer que le niveau da",img_1,0,Ch10,Ch10/Ch10_Fig6_1.jpeg,p. 412,Pellegrino,2021-11_Pellegrino_cér.pdf
Ch10_Fig6_2.jpeg,CERAMIC,"Dibba/Qidfa (Wadi Suq, 2000-1600 av. J.-C.)",Ch10_Fig6,412,,"Premier dépôt d’objets dans la fosse 3 (Genchi 2014, fig. 8). Ces objets représentent vraisemblablement des offrandes rituelles, faites lors d’une éventuelle cérémonie funéraire, avant la fermeture de la tombe collective LCG-1. L’analyse de la coupe stratigraphique permet d’observer que le niveau da",img_2,0,Ch10,Ch10/Ch10_Fig6_2.jpeg,p. 412,Pellegrino,2021-11_Pellegrino_cér.pdf
Ch10_Fig7_1.jpeg,CERAMIC,"Dibba/Qidfa (Wadi Suq, 2000-1600 av. J.-C.)",Ch10_Fig7,413,,"Coupe générale de la tranchée sud : le dépôt de gravier dans lequel les puits sont creusés correspond à celui où sont placés les pierres qui composent le périmètre de la tombe collective (Genchi 2014, fig. 9).",img_1,0,Ch10,Ch10/Ch10_Fig7_1.jpeg,p. 413,Pellegrino,2021-11_Pellegrino_cér.pdf
Ch10_Fig7_2.jpeg,CERAMIC,"Dibba/Qidfa (Wadi Suq, 2000-1600 av. J.-C.)",Ch10_Fig7,413,,"Coupe générale de la tranchée sud : le dépôt de gravier dans lequel les puits sont creusés correspond à celui où sont placés les pierres qui composent le périmètre de la tombe collective (Genchi 2014, fig. 9).",img_2,0,Ch10,Ch10/Ch10_Fig7_2.jpeg,p. 413,Pellegrino,2021-11_Pellegrino_cér.pdf
Ch10_Fig9_1.jpeg,CERAMIC,"Dibba/Qidfa (Wadi Suq, 2000-1600 av. J.-C.)",Ch10_Fig9,415,,Gobelet à paroi légèrement convexe DA28998 (Photo de M. P. Pellegrino).,img_1,0,Ch10,Ch10/Ch10_Fig9_1.jpeg,p. 415,Pellegrino,2021-11_Pellegrino_cér.pdf
Ch10_Fig9_2.jpeg,CERAMIC,"Dibba/Qidfa (Wadi Suq, 2000-1600 av. J.-C.)",Ch10_Fig9,415,,Gobelet à paroi légèrement convexe DA28998 (Photo de M. P. Pellegrino).,img_2,0,Ch10,Ch10/Ch10_Fig9_2.jpeg,p. 415,Pellegrino,2021-11_Pellegrino_cér.pdf
Ch10_Fig10_1.jpeg,CERAMIC,"Dibba/Qidfa (Wadi Suq, 2000-1600 av. J.-C.)",Ch10_Fig10,415,,"Vase à bec cylindrique DA43809 (Photo M. P. Pellegrino). Le deuxième exemplaire (DA29256) est réalisé avec un type de pâte que nous n’avons jamais identifié sur les sites d’habitat précédemment étudiés. Il s’agit d’une pâte très claire, de couleur jaunâtre, avec de nombreuses inclusions grises/noire",img_1,0,Ch10,Ch10/Ch10_Fig10_1.jpeg,p. 415,Pellegrino,2021-11_Pellegrino_cér.pdf
Ch10_Fig10_2.jpeg,CERAMIC,"Dibba/Qidfa (Wadi Suq, 2000-1600 av. J.-C.)",Ch10_Fig10,415,,"Vase à bec cylindrique DA43809 (Photo M. P. Pellegrino). Le deuxième exemplaire (DA29256) est réalisé avec un type de pâte que nous n’avons jamais identifié sur les sites d’habitat précédemment étudiés. Il s’agit d’une pâte très claire, de couleur jaunâtre, avec de nombreuses inclusions grises/noire",img_2,0,Ch10,Ch10/Ch10_Fig10_2.jpeg,p. 415,Pellegrino,2021-11_Pellegrino_cér.pdf
Ch10_Fig11_1.jpeg,CERAMIC,"Dibba/Qidfa (Wadi Suq, 2000-1600 av. J.-C.)",Ch10_Fig11,416,,"Vase à bec cylindrique DA43811 (Photo de M. P. Pellegrino). Enfin, le récipient DA29227 est le moins bien conservé des trois : le bec et le bord du bol sont en partie cassés. Malgré ça, nous pouvons restituer les caractéristiques morphologiques générales du récipient. La forme du bol ressemble à cel",img_1,0,Ch10,Ch10/Ch10_Fig11_1.jpeg,p. 416,Pellegrino,2021-11_Pellegrino_cér.pdf
Ch10_Fig12_1.jpeg,CERAMIC,"Dibba/Qidfa (Wadi Suq, 2000-1600 av. J.-C.)",Ch10_Fig12,417,,"Vase à bec ouvert DA29277 (Photo de M. P. Pellegrino). Un seul récipient à bec ouvert simple (VBO) est attesté au sein du corpus et il s’agit du vase DA29262 (chapitre 10 fig. 13). Il se distingue des autres récipients de Daba LCG-1 examinés jusqu’ici par ses parois et ses bords irréguliers, sa base",img_1,0,Ch10,Ch10/Ch10_Fig12_1.jpeg,p. 417,Pellegrino,2021-11_Pellegrino_cér.pdf
Ch10_Fig12_2.jpeg,CERAMIC,"Dibba/Qidfa (Wadi Suq, 2000-1600 av. J.-C.)",Ch10_Fig12,417,,"Vase à bec ouvert DA29277 (Photo de M. P. Pellegrino). Un seul récipient à bec ouvert simple (VBO) est attesté au sein du corpus et il s’agit du vase DA29262 (chapitre 10 fig. 13). Il se distingue des autres récipients de Daba LCG-1 examinés jusqu’ici par ses parois et ses bords irréguliers, sa base",img_2,0,Ch10,Ch10/Ch10_Fig12_2.jpeg,p. 417,Pellegrino,2021-11_Pellegrino_cér.pdf
Ch10_Fig13_1.jpeg,CERAMIC,"Dibba/Qidfa (Wadi Suq, 2000-1600 av. J.-C.)",Ch10_Fig13,417,,"Vase à bec ouvert DA29262 (Photo de M. P. Pellegrino). Cette catégorie de vase (les vases à becs ouverts simples (VBO)) suscite chez nous un question­ nement relatif à l’attribution chronologique. En effet, des exemplaires de forme très similaire sont décrits pour l’âge du Fer (Benoist 2000, p. 109)",img_1,0,Ch10,Ch10/Ch10_Fig13_1.jpeg,p. 417,Pellegrino,2021-11_Pellegrino_cér.pdf
Ch10_Fig13_2.jpeg,CERAMIC,"Dibba/Qidfa (Wadi Suq, 2000-1600 av. J.-C.)",Ch10_Fig13,417,,"Vase à bec ouvert DA29262 (Photo de M. P. Pellegrino). Cette catégorie de vase (les vases à becs ouverts simples (VBO)) suscite chez nous un question­ nement relatif à l’attribution chronologique. En effet, des exemplaires de forme très similaire sont décrits pour l’âge du Fer (Benoist 2000, p. 109)",img_2,0,Ch10,Ch10/Ch10_Fig13_2.jpeg,p. 417,Pellegrino,2021-11_Pellegrino_cér.pdf
Ch10_Fig14_1.jpeg,CERAMIC,"Dibba/Qidfa (Wadi Suq, 2000-1600 av. J.-C.)",Ch10_Fig14,418,,Vase miniature DA29224 (Photo de M. P. Pellegrino).,img_1,0,Ch10,Ch10/Ch10_Fig14_1.jpeg,p. 418,Pellegrino,2021-11_Pellegrino_cér.pdf
Ch10_Fig14_2.jpeg,CERAMIC,"Dibba/Qidfa (Wadi Suq, 2000-1600 av. J.-C.)",Ch10_Fig14,418,,Vase miniature DA29224 (Photo de M. P. Pellegrino).,img_2,0,Ch10,Ch10/Ch10_Fig14_2.jpeg,p. 418,Pellegrino,2021-11_Pellegrino_cér.pdf
Ch10_Fig15_1.jpeg,CERAMIC,"Dibba/Qidfa (Wadi Suq, 2000-1600 av. J.-C.)",Ch10_Fig15,418,,"Vase miniature DA29222 (Photo de M. P. Pellegrino). La catégorie des vases miniatures (VM) est représentée sur le site de Daba LCG-1 par quatre exemplaires (Pl. I, DA29222-DA29223-DA29454). Le premier DA29224 (chapitre 10 fig. 14), le plus petit des quatre, prend la forme d’une jarre à col, une form",img_1,0,Ch10,Ch10/Ch10_Fig15_1.jpeg,p. 418,Pellegrino,2021-11_Pellegrino_cér.pdf
Ch10_Fig15_2.jpeg,CERAMIC,"Dibba/Qidfa (Wadi Suq, 2000-1600 av. J.-C.)",Ch10_Fig15,418,,"Vase miniature DA29222 (Photo de M. P. Pellegrino). La catégorie des vases miniatures (VM) est représentée sur le site de Daba LCG-1 par quatre exemplaires (Pl. I, DA29222-DA29223-DA29454). Le premier DA29224 (chapitre 10 fig. 14), le plus petit des quatre, prend la forme d’une jarre à col, une form",img_2,0,Ch10,Ch10/Ch10_Fig15_2.jpeg,p. 418,Pellegrino,2021-11_Pellegrino_cér.pdf
Ch10_Fig16_1.jpeg,CERAMIC,"Dibba/Qidfa (Wadi Suq, 2000-1600 av. J.-C.)",Ch10_Fig16,419,,"Vase miniature DA29454 (Photo de M. P. Pellegrino). Enfin, il convient de noter d’autres éléments communs à ces quatre vases miniatures : un façonnage qui pourrait traduire une fabrication par une personne non experte (potiers débutants, en particulier des enfants) qui se traduit par l’irrégularité ",img_1,0,Ch10,Ch10/Ch10_Fig16_1.jpeg,p. 419,Pellegrino,2021-11_Pellegrino_cér.pdf
Ch10_Fig17_1.jpeg,CERAMIC,"Dibba/Qidfa (Wadi Suq, 2000-1600 av. J.-C.)",Ch10_Fig17,420,,"DA29307 (Photo de M. P. Pellegrino). Mis à part les vases que nous venons de décrire, on peut mentionner la présence de trois frag­ ments de poterie qui portent un décor peint en rouge et noir avec cinq lignes ondulées hori­ zontales (DA29244) (chapitre 10 fig. 18). Ces fragments appartiennent sans ",img_1,0,Ch10,Ch10/Ch10_Fig17_1.jpeg,p. 420,Pellegrino,2021-11_Pellegrino_cér.pdf
Ch10_Fig17_2.jpeg,CERAMIC,"Dibba/Qidfa (Wadi Suq, 2000-1600 av. J.-C.)",Ch10_Fig17,420,,"DA29307 (Photo de M. P. Pellegrino). Mis à part les vases que nous venons de décrire, on peut mentionner la présence de trois frag­ ments de poterie qui portent un décor peint en rouge et noir avec cinq lignes ondulées hori­ zontales (DA29244) (chapitre 10 fig. 18). Ces fragments appartiennent sans ",img_2,0,Ch10,Ch10/Ch10_Fig17_2.jpeg,p. 420,Pellegrino,2021-11_Pellegrino_cér.pdf
Ch10_Fig18_1.jpeg,CERAMIC,"Dibba/Qidfa (Wadi Suq, 2000-1600 av. J.-C.)",Ch10_Fig18,420,,Fragment peint en rouge et noir avec cinq li­ gnes ondulées horizontales (DA29244) (Photo de M. P. Pellegrino).,img_1,0,Ch10,Ch10/Ch10_Fig18_1.jpeg,p. 420,Pellegrino,2021-11_Pellegrino_cér.pdf
Ch10_Fig18_2.jpeg,CERAMIC,"Dibba/Qidfa (Wadi Suq, 2000-1600 av. J.-C.)",Ch10_Fig18,420,,Fragment peint en rouge et noir avec cinq li­ gnes ondulées horizontales (DA29244) (Photo de M. P. Pellegrino).,img_2,0,Ch10,Ch10/Ch10_Fig18_2.jpeg,p. 420,Pellegrino,2021-11_Pellegrino_cér.pdf
Ch10_Fig21_1.jpeg,CERAMIC,"Dibba/Qidfa (Wadi Suq, 2000-1600 av. J.-C.)",Ch10_Fig21,424,,Base d’un gobelet à pied en céramiq­ ue à dégraissant blanc (Photo de M. P. Pellegrino).,img_1,0,Ch10,Ch10/Ch10_Fig21_1.jpeg,p. 424,Pellegrino,2021-11_Pellegrino_cér.pdf
Ch10_Fig21_2.jpeg,CERAMIC,"Dibba/Qidfa (Wadi Suq, 2000-1600 av. J.-C.)",Ch10_Fig21,424,,Base d’un gobelet à pied en céramiq­ ue à dégraissant blanc (Photo de M. P. Pellegrino).,img_2,0,Ch10,Ch10/Ch10_Fig21_2.jpeg,p. 424,Pellegrino,2021-11_Pellegrino_cér.pdf
Ch10_Fig22_1.jpeg,CERAMIC,"Dibba/Qidfa (Wadi Suq, 2000-1600 av. J.-C.)",Ch10_Fig22,424,,"Bol simple à lèvre arrondie en céram­ ique grise grossière (Photo de M. P. Pellegrino). Le répertoire de la tombe se limite à des bols moyens à lèvre arrondie (BM-01), de petites ja­ rres à col (PJ), un exemplaire de grandes jarres à col court, à lèvre éversée et arrondie (GJ-02) et des fragments de",img_1,0,Ch10,Ch10/Ch10_Fig22_1.jpeg,p. 424,Pellegrino,2021-11_Pellegrino_cér.pdf
Ch10_Fig22_2.jpeg,CERAMIC,"Dibba/Qidfa (Wadi Suq, 2000-1600 av. J.-C.)",Ch10_Fig22,424,,"Bol simple à lèvre arrondie en céram­ ique grise grossière (Photo de M. P. Pellegrino). Le répertoire de la tombe se limite à des bols moyens à lèvre arrondie (BM-01), de petites ja­ rres à col (PJ), un exemplaire de grandes jarres à col court, à lèvre éversée et arrondie (GJ-02) et des fragments de",img_2,0,Ch10,Ch10/Ch10_Fig22_2.jpeg,p. 424,Pellegrino,2021-11_Pellegrino_cér.pdf
Ch10_Fig23_1.jpeg,CERAMIC,"Dibba/Qidfa (Wadi Suq, 2000-1600 av. J.-C.)",Ch10_Fig23,425,,"Base particulière en céramique semi-fine (Photo de M. P. Pellegrino). La présence de céramiques importées dans les assemblages funéraires semble être une ca­ ractéristique assez fréquente. Ainsi, le nombre important de petites jarres de forme ovoïde iranienne en céramique grise est une constante dan",img_1,0,Ch10,Ch10/Ch10_Fig23_1.jpeg,p. 425,Pellegrino,2021-11_Pellegrino_cér.pdf
Ch10_Fig25_1.jpeg,CERAMIC,Wadi Suq (2000-1600 av. J.-C.),Ch10_Fig25,428,,"Trois pointes de lances à douille en alliage cuivreux retrouvées dans la tombe de Mereshid (photo M. P. Pellegrino). 10.5.2 La céramique Au sein du matériel céramique, nous retrouvons 38 tessons datés de la période Wadi Suq tandis que 14 tessons et un récipient complet sont attribuables à la période",img_1,0,Ch10,Ch10/Ch10_Fig25_1.jpeg,p. 428,Pellegrino,2021-11_Pellegrino_cér.pdf
Ch10_Fig26_1.jpeg,CERAMIC,"Dibba/Qidfa (Wadi Suq, 2000-1600 av. J.-C.)",Ch10_Fig26,429,,"Base appartenant au groupe mor­ pho-fonctionnel des jarres moyennes en céramique à dég­ raissant blanc (photo M. P. Pellegrino). Parmi les grandes jarres nous distinguons deux bords du sous-groupe de grandes jarres à col court, à lèvre éversée et arrondie ou épaissie (GJ-03) (Pl. IV, 1-2). Ces céram",img_1,0,Ch10,Ch10/Ch10_Fig26_1.jpeg,p. 429,Pellegrino,2021-11_Pellegrino_cér.pdf
Ch10_Fig26_2.jpeg,CERAMIC,"Dibba/Qidfa (Wadi Suq, 2000-1600 av. J.-C.)",Ch10_Fig26,429,,"Base appartenant au groupe mor­ pho-fonctionnel des jarres moyennes en céramique à dég­ raissant blanc (photo M. P. Pellegrino). Parmi les grandes jarres nous distinguons deux bords du sous-groupe de grandes jarres à col court, à lèvre éversée et arrondie ou épaissie (GJ-03) (Pl. IV, 1-2). Ces céram",img_2,0,Ch10,Ch10/Ch10_Fig26_2.jpeg,p. 429,Pellegrino,2021-11_Pellegrino_cér.pdf
Ch10_Fig26_3.jpeg,CERAMIC,"Dibba/Qidfa (Wadi Suq, 2000-1600 av. J.-C.)",Ch10_Fig26,429,,"Base appartenant au groupe mor­ pho-fonctionnel des jarres moyennes en céramique à dég­ raissant blanc (photo M. P. Pellegrino). Parmi les grandes jarres nous distinguons deux bords du sous-groupe de grandes jarres à col court, à lèvre éversée et arrondie ou épaissie (GJ-03) (Pl. IV, 1-2). Ces céram",img_3,0,Ch10,Ch10/Ch10_Fig26_3.jpeg,p. 429,Pellegrino,2021-11_Pellegrino_cér.pdf
Ch10_Fig27_1.jpeg,CERAMIC,"Dibba/Qidfa (Wadi Suq, 2000-1600 av. J.-C.)",Ch10_Fig27,430,,Exemplaire d’une petite jarre à col à liaison continue à lèvre éversée et arrondie en céramique à dégraissant blanc (groupe macroscopique 2a) (photo M. P. Pellegrino).,img_1,0,Ch10,Ch10/Ch10_Fig27_1.jpeg,p. 430,Pellegrino,2021-11_Pellegrino_cér.pdf
Ch10_Fig27_2.jpeg,CERAMIC,"Dibba/Qidfa (Wadi Suq, 2000-1600 av. J.-C.)",Ch10_Fig27,430,,Exemplaire d’une petite jarre à col à liaison continue à lèvre éversée et arrondie en céramique à dégraissant blanc (groupe macroscopique 2a) (photo M. P. Pellegrino).,img_2,0,Ch10,Ch10/Ch10_Fig27_2.jpeg,p. 430,Pellegrino,2021-11_Pellegrino_cér.pdf
Ch10_Fig28_1.jpeg,CERAMIC,"Dibba/Qidfa (Wadi Suq, 2000-1600 av. J.-C.)",Ch10_Fig28,430,,"Base d’un gobelet à pied en céramique à dégraissant blanc (photo M. P. Pellegrino). Trois fragments de petites jarres à col à liaison continue à lèvre éversée et arrondie (PJ-01) font également partie de l’assemblage de Mereshid. Tous appartiennent vraisemblablement au groupe macroscopique 2, dans l",img_1,0,Ch10,Ch10/Ch10_Fig28_1.jpeg,p. 430,Pellegrino,2021-11_Pellegrino_cér.pdf
Ch10_Fig28_2.jpeg,CERAMIC,"Dibba/Qidfa (Wadi Suq, 2000-1600 av. J.-C.)",Ch10_Fig28,430,,"Base d’un gobelet à pied en céramique à dégraissant blanc (photo M. P. Pellegrino). Trois fragments de petites jarres à col à liaison continue à lèvre éversée et arrondie (PJ-01) font également partie de l’assemblage de Mereshid. Tous appartiennent vraisemblablement au groupe macroscopique 2, dans l",img_2,0,Ch10,Ch10/Ch10_Fig28_2.jpeg,p. 430,Pellegrino,2021-11_Pellegrino_cér.pdf
Ch10_Fig29_1.jpeg,CERAMIC,"Dibba/Qidfa (Wadi Suq, 2000-1600 av. J.-C.)",Ch10_Fig29,431,,"Vases miniature MRSD-56 (photo M. P. Pellegrino). En revanche MRSD-25 est un vase miniature dont le bord n’est pas conservé mais sa forme rap­ pelle les autres vases miniatures rencontrés jusqu’ici. Il est en céramique à dégraissant blanc, comparable à la variante 2b. Enfin, une base d’un gobelet à ",img_1,0,Ch10,Ch10/Ch10_Fig29_1.jpeg,p. 431,Pellegrino,2021-11_Pellegrino_cér.pdf
Ch10_Fig32_1.jpeg,CERAMIC,"Dibba/Qidfa (Wadi Suq, 2000-1600 av. J.-C.)",Ch10_Fig32,433,,"Une vitrine du musée de Fujairah où sont exposés certains récipients en céramique de Qidfa-1 (photo M. P. Pellegrino). Dans le détail, 38 fragments dont 12 vases intacts ou presque intacts et 4 archéologiquement complets appartiennent à la période de transition entre l’âge du Bronze et l’âge du Fer.",img_1,0,Ch10,Ch10/Ch10_Fig32_1.jpeg,p. 433,Pellegrino,2021-11_Pellegrino_cér.pdf
Ch10_Fig33_1.jpeg,CERAMIC,"Dibba/Qidfa (Wadi Suq, 2000-1600 av. J.-C.)",Ch10_Fig33,434,,Bol moyen à lèvre arrondie apparte­ nant au groupe macroscopique 3 (photo M. P. Pellegrino).,img_1,0,Ch10,Ch10/Ch10_Fig33_1.jpeg,p. 434,Pellegrino,2021-11_Pellegrino_cér.pdf
Ch10_Fig33_2.jpeg,CERAMIC,"Dibba/Qidfa (Wadi Suq, 2000-1600 av. J.-C.)",Ch10_Fig33,434,,Bol moyen à lèvre arrondie apparte­ nant au groupe macroscopique 3 (photo M. P. Pellegrino).,img_2,0,Ch10,Ch10/Ch10_Fig33_2.jpeg,p. 434,Pellegrino,2021-11_Pellegrino_cér.pdf
Ch10_Fig34_1.jpeg,CERAMIC,"Dibba/Qidfa (Wadi Suq, 2000-1600 av. J.-C.)",Ch10_Fig34,434,,"Exemplaire de gobelet à parois rectiligne en céramique à dégraissant blanc (photo M. P. Pellegrino). Les petits bols (PB) (Pl. VI, 3-4-5) présentent tous une lèvre arrondie et amincie sauf un exemplaire qui a une lèvre en « tête de clou ». Deux variantes typologiques sont donc at­ testées (PB-01 et ",img_1,0,Ch10,Ch10/Ch10_Fig34_1.jpeg,p. 434,Pellegrino,2021-11_Pellegrino_cér.pdf
Ch10_Fig34_2.jpeg,CERAMIC,"Dibba/Qidfa (Wadi Suq, 2000-1600 av. J.-C.)",Ch10_Fig34,434,,"Exemplaire de gobelet à parois rectiligne en céramique à dégraissant blanc (photo M. P. Pellegrino). Les petits bols (PB) (Pl. VI, 3-4-5) présentent tous une lèvre arrondie et amincie sauf un exemplaire qui a une lèvre en « tête de clou ». Deux variantes typologiques sont donc at­ testées (PB-01 et ",img_2,0,Ch10,Ch10/Ch10_Fig34_2.jpeg,p. 434,Pellegrino,2021-11_Pellegrino_cér.pdf
Ch11_Fig7_1.jpeg,CERAMIC,Husn Salut (Bronze Récent / Fer I),Ch11_Fig7,448,,Fragment d’un petit bol caréné en céramique fine (photo M. P. Pellegrino). Les bols moyens en céramique commune ou semi-grossière orange avec un abondant dég­ raissant végétal représentent le deuxième groupe typologique pour le nombre de fragments retrouvés (119 fragments diagnostiques). Ce sont pri,img_1,0,Ch11,Ch11/Ch11_Fig7_1.jpeg,p. 448,Pellegrino,2021-11_Pellegrino_cér.pdf
Ch11_Fig8_1.jpeg,CERAMIC,Husn Salut (Bronze Récent / Fer I),Ch11_Fig8,449,,"Bord d’un grand récipient ouvert au dégraissant semi-grossier (photo M. P. Pellegrino). Enfin, parmi les formes ouvertes on compte aussi 14 plats ou assiettes. Ils ont une lèvre ar­ rondie et amincie, rarement aplatie (Pl. III, 4-5). Ces récipients caractérisent exclusivement des pâtes grossières à ",img_1,0,Ch11,Ch11/Ch11_Fig8_1.jpeg,p. 449,Pellegrino,2021-11_Pellegrino_cér.pdf
Ch11_Fig8_2.jpeg,CERAMIC,Husn Salut (Bronze Récent / Fer I),Ch11_Fig8,449,,"Bord d’un grand récipient ouvert au dégraissant semi-grossier (photo M. P. Pellegrino). Enfin, parmi les formes ouvertes on compte aussi 14 plats ou assiettes. Ils ont une lèvre ar­ rondie et amincie, rarement aplatie (Pl. III, 4-5). Ces récipients caractérisent exclusivement des pâtes grossières à ",img_2,0,Ch11,Ch11/Ch11_Fig8_2.jpeg,p. 449,Pellegrino,2021-11_Pellegrino_cér.pdf
Ch11_Fig9_1.jpeg,CERAMIC,Husn Salut (Bronze Récent / Fer I),Ch11_Fig9,449,,Deux becs des vases à bec ponté en céramique orange/rouge (photo M. P. Pellegrino). TROISIÈME PARTIE,img_1,0,Ch11,Ch11/Ch11_Fig9_1.jpeg,p. 449,Pellegrino,2021-11_Pellegrino_cér.pdf
Ch11_Fig9_2.jpeg,CERAMIC,Husn Salut (Bronze Récent / Fer I),Ch11_Fig9,449,,Deux becs des vases à bec ponté en céramique orange/rouge (photo M. P. Pellegrino). TROISIÈME PARTIE,img_2,0,Ch11,Ch11/Ch11_Fig9_2.jpeg,p. 449,Pellegrino,2021-11_Pellegrino_cér.pdf
Ch11_Fig10_1.jpeg,CERAMIC,Husn Salut (Bronze Récent / Fer I),Ch11_Fig10,450,,Fragment d’une petite jarre à col court à lèvre éversée et arrondie (photo M. P. Pellegrino).,img_1,0,Ch11,Ch11/Ch11_Fig10_1.jpeg,p. 450,Pellegrino,2021-11_Pellegrino_cér.pdf
Ch11_Fig10_2.jpeg,CERAMIC,Husn Salut (Bronze Récent / Fer I),Ch11_Fig10,450,,Fragment d’une petite jarre à col court à lèvre éversée et arrondie (photo M. P. Pellegrino).,img_2,0,Ch11,Ch11/Ch11_Fig10_2.jpeg,p. 450,Pellegrino,2021-11_Pellegrino_cér.pdf
Ch11_Fig11_1.jpeg,CERAMIC,Husn Salut (Bronze Récent / Fer I),Ch11_Fig11,450,,"Bord d’une grande jarre à col court en céramique à dégraissant grossière, recouverte d’un engo­ be rouge (photo M. P. Pellegrino). Les jarres moyennes à col court et certains fragments de petites jarres à col sont également atte­ stées dans notre corpus (Pl. IV, 1-3) (chapitre 11 fig. 10). Les jarre",img_1,0,Ch11,Ch11/Ch11_Fig11_1.jpeg,p. 450,Pellegrino,2021-11_Pellegrino_cér.pdf
Ch11_Fig11_2.jpeg,CERAMIC,Husn Salut (Bronze Récent / Fer I),Ch11_Fig11,450,,"Bord d’une grande jarre à col court en céramique à dégraissant grossière, recouverte d’un engo­ be rouge (photo M. P. Pellegrino). Les jarres moyennes à col court et certains fragments de petites jarres à col sont également atte­ stées dans notre corpus (Pl. IV, 1-3) (chapitre 11 fig. 10). Les jarre",img_2,0,Ch11,Ch11/Ch11_Fig11_2.jpeg,p. 450,Pellegrino,2021-11_Pellegrino_cér.pdf
Ch11_Fig12_1.jpeg,CERAMIC,Husn Salut (Bronze Récent / Fer I),Ch11_Fig12,451,,Fragment d’un couvercle à pourtour arrondi (photo M. P. Pellegrino).,img_1,0,Ch11,Ch11/Ch11_Fig12_1.jpeg,p. 451,Pellegrino,2021-11_Pellegrino_cér.pdf
Ch11_Fig12_2.jpeg,CERAMIC,Husn Salut (Bronze Récent / Fer I),Ch11_Fig12,451,,Fragment d’un couvercle à pourtour arrondi (photo M. P. Pellegrino).,img_2,0,Ch11,Ch11/Ch11_Fig12_2.jpeg,p. 451,Pellegrino,2021-11_Pellegrino_cér.pdf
Ch11_Fig13_1.jpeg,CERAMIC,Husn Salut (Bronze Récent / Fer I),Ch11_Fig13,451,,"Fragment d’une cruche avec un en­ gobe rouge/brun (photo M. P. Pellegrino). La dernière forme attestée est un bord d’une cruche en céramique semi-grossière, recouvert par un engobe de couleur rouge/brun. TROISIÈME PARTIE",img_1,0,Ch11,Ch11/Ch11_Fig13_1.jpeg,p. 451,Pellegrino,2021-11_Pellegrino_cér.pdf
Ch11_Fig13_2.jpeg,CERAMIC,Husn Salut (Bronze Récent / Fer I),Ch11_Fig13,451,,"Fragment d’une cruche avec un en­ gobe rouge/brun (photo M. P. Pellegrino). La dernière forme attestée est un bord d’une cruche en céramique semi-grossière, recouvert par un engobe de couleur rouge/brun. TROISIÈME PARTIE",img_2,0,Ch11,Ch11/Ch11_Fig13_2.jpeg,p. 451,Pellegrino,2021-11_Pellegrino_cér.pdf
Ch12_Fig1_1.jpeg,CERAMIC,,Ch12_Fig1,485,,"Carte géologique de la région de Masafi. L’étude en lame mince des échantillons du groupe pétrocéramique A a mis en évidence la présence dominante d’un type spécifique d’inclusions : le schiste sériciteux, suivi par des frag­ ments d’olivine et pyroxène. On peut donc conclure que la composition miné",img_1,0,Ch12,Ch12/Ch12_Fig1_1.jpeg,p. 485,Pellegrino,2021-11_Pellegrino_cér.pdf
Ch13_Fig2_1.jpeg,CERAMIC,Wadi Suq (2000-1600 av. J.-C.),Ch13_Fig2,496,,"Attestation de principales formes ouvertes dans les périodes Wadi Suq et Bronze Récent. D’autres changements interviennent au sein des assemblages céramiques de l’âge du Bronze Récent mais cette fois, il s’agit de changements techniques -concernant la mise en forme des récipients- et stylistiques po",img_1,0,Ch13,Ch13/Ch13_Fig2_1.jpeg,p. 496,Pellegrino,2021-11_Pellegrino_cér.pdf
Ch13_Fig3_1.jpeg,CERAMIC,,Ch13_Fig3,502,,"A gauche, photo des fragments appartenant au groupe « Ware A ». A droite fragments appartenant au groupe « Ware EZ ».",img_1,0,Ch13,Ch13/Ch13_Fig3_1.jpeg,p. 502,Pellegrino,2021-11_Pellegrino_cér.pdf
Ch13_Fig3_2.jpeg,CERAMIC,,Ch13_Fig3,502,,"A gauche, photo des fragments appartenant au groupe « Ware A ». A droite fragments appartenant au groupe « Ware EZ ».",img_2,0,Ch13,Ch13/Ch13_Fig3_2.jpeg,p. 502,Pellegrino,2021-11_Pellegrino_cér.pdf
Ch13_Fig3_3.jpeg,CERAMIC,,Ch13_Fig3,502,,"A gauche, photo des fragments appartenant au groupe « Ware A ». A droite fragments appartenant au groupe « Ware EZ ».",img_3,0,Ch13,Ch13/Ch13_Fig3_3.jpeg,p. 502,Pellegrino,2021-11_Pellegrino_cér.pdf
Ch13_Fig8_1.jpeg,CERAMIC,Phase IC (Masafi-5),Ch13_Fig8,520,,"Plan de répartition des formes ouvertes dans la phase IC. Les formes ouvertes Les formes ouvertes, toujours largement représentées, proviennent de toutes les terrasses (cha­ pitre 14 fig. 8). Le groupe typologique des grands récipients ouverts conserve sa première place comme groupe le plus importan",img_1,0,Ch13,Ch13/Ch13_Fig8_1.jpeg,p. 520,Pellegrino,2021-11_Pellegrino_cér.pdf
Ch14_Fig2_1.jpeg,CERAMIC,Phase IA (Masafi-5),Ch14_Fig2,512,,"Plan de répartition des formes ouvertes dans la phase IA. Les formes ouvertes D’après le tableau de répartition ci-dessous, les fragments de formes ouvertes (GRO, BM, PB,) ont été découverts en grande majorité dans la pièce P844, située sur la terrasse IV. Ce sont surtout des fragments de bords de g",img_1,0,Ch14,Ch14/Ch14_Fig2_1.jpeg,p. 512,Pellegrino,2021-11_Pellegrino_cér.pdf
Ch14_Fig3_1.jpeg,CERAMIC,Phase IA (Masafi-5),Ch14_Fig3,513,,Plan de répartition des vases à bec cylindrique dans la phase IA. CINQUIÈME PARTIE,img_1,0,Ch14,Ch14/Ch14_Fig3_1.jpeg,p. 513,Pellegrino,2021-11_Pellegrino_cér.pdf
Ch14_Fig4_1.jpeg,CERAMIC,Phase IB (Masafi-5),Ch14_Fig4,515,,"Plan de répartition des formes fermées dans la phase IB. Parmi les formes fermées, les groupes typologiques les plus nombreux sont toujours les jarres et les récipients fermés de taille moyenne. Ces récipients sont plus nombreux sur la terrasse II qu’ailleurs, mais existent également sur les terrass",img_1,0,Ch14,Ch14/Ch14_Fig4_1.jpeg,p. 515,Pellegrino,2021-11_Pellegrino_cér.pdf
Ch14_Fig6_1.jpeg,CERAMIC,Phase IB (Masafi-5),Ch14_Fig6,517,,Plan de répartition des vases à bec cylindrique dans la phase IB. CINQUIÈME PARTIE,img_1,0,Ch14,Ch14/Ch14_Fig6_1.jpeg,p. 517,Pellegrino,2021-11_Pellegrino_cér.pdf
Ch14_Fig9_1.jpeg,CERAMIC,Phase IC (Masafi-5),Ch14_Fig9,521,,Plan de répartition des vases à bec cylindrique dans la phase IC. CINQUIÈME PARTIE,img_1,0,Ch14,Ch14/Ch14_Fig9_1.jpeg,p. 521,Pellegrino,2021-11_Pellegrino_cér.pdf
Ch14_Fig10_1.jpeg,CERAMIC,Phase IC (Masafi-5),Ch14_Fig10,522,,"Plan de répartition des gobelets à pied dans la phase IC. Enfin, l’assemblage associé à cette phase (IC) est complété par des formes rares comme par exemple les vases miniatures, les bols à manche horizontal, les cruches et les plats. Les deux derniers ont été mis au jour dans la terrasse II, tandis",img_1,0,Ch14,Ch14/Ch14_Fig10_1.jpeg,p. 522,Pellegrino,2021-11_Pellegrino_cér.pdf
Ch14_Fig13_1.jpeg,CERAMIC,Phase IB (Masafi-5),Ch14_Fig13,526,,"Plan de répartition des formes ouvertes dans la phase IB. Les formes ouvertes Un groupe de 78 formes ouvertes a également été collecté dans la zone que nous venons de décrire. Il se compose principalement de grands récipients ouverts (58 fragments), suivi par 18 fragments de bols moyens et 2 bords d",img_1,0,Ch14,Ch14/Ch14_Fig13_1.jpeg,p. 526,Pellegrino,2021-11_Pellegrino_cér.pdf
Ch14_Fig13_2.jpeg,CERAMIC,Phase IB (Masafi-5),Ch14_Fig13,526,,"Plan de répartition des formes ouvertes dans la phase IB. Les formes ouvertes Un groupe de 78 formes ouvertes a également été collecté dans la zone que nous venons de décrire. Il se compose principalement de grands récipients ouverts (58 fragments), suivi par 18 fragments de bols moyens et 2 bords d",img_2,0,Ch14,Ch14/Ch14_Fig13_2.jpeg,p. 526,Pellegrino,2021-11_Pellegrino_cér.pdf
Ch14_Fig14_1.jpeg,CERAMIC,Phase IB (Masafi-5),Ch14_Fig14,527,,"Plan de répartition des vases à bec cylindrique dans la phase IB. Les gobelets à pied et les gobelets à paroi rectiligne Aucun fragment de gobelet, ni à pied, ni à paroi rectiligne, n’est attesté dans cette phase dans le secteur sud-ouest de la zone C. L’absence des gobelets dans la phase IB reste a",img_1,0,Ch14,Ch14/Ch14_Fig14_1.jpeg,p. 527,Pellegrino,2021-11_Pellegrino_cér.pdf
Ch14_Fig18_1.jpeg,CERAMIC,Phase IA (Masafi-5),Ch14_Fig18,532,,Plan de répartition des formes fermées dans la phase IA. Les formes ouvertes La fouille de deux terrasses (P1427 et P800) a également livré 61 formes ouvertes. 38 frag­ ments de formes ouvertes dont 28 grands récipients ouverts et 10 bols moyens ont été loca­ lisés sur la terrasse P800. Les 33 forme,img_1,0,Ch14,Ch14/Ch14_Fig18_1.jpeg,p. 532,Pellegrino,2021-11_Pellegrino_cér.pdf
Ch14_Fig19_1.jpeg,CERAMIC,Phase IA (Masafi-5),Ch14_Fig19,533,,Plan de répartition des formes ouvertes dans la phase IA. Les vases à bec cylindrique Seuls 2 fragments de vases à bec cylindrique ont été collectés sur la terrasse P1427 dans la phase IA. Ils ne portent pas de décor peint (chapitre 14 fig. 20). CINQUIÈME PARTIE,img_1,0,Ch14,Ch14/Ch14_Fig19_1.jpeg,p. 533,Pellegrino,2021-11_Pellegrino_cér.pdf
Ch14_Fig20_1.jpeg,CERAMIC,Phase IA (Masafi-5),Ch14_Fig20,534,,"Plan de répartition des vases à bec cylindrique dans la phase IA. Aucun fragment de gobelet à pied et/ou à paroi rectiligne, de plat, de vase miniature, de bol à manche horizontal, de couvercle, de cruches ou de petite jarre n’est présent dans les niveaux de cette première phase d’occupation dans la",img_1,0,Ch14,Ch14/Ch14_Fig20_1.jpeg,p. 534,Pellegrino,2021-11_Pellegrino_cér.pdf
Ch14_Fig22_1.jpeg,CERAMIC,Phase IB (Masafi-5),Ch14_Fig22,536,,"Plan de répartition des formes ouvertes dans la phase IB. Les formes ouvertes Comme dans la phase précédente, les formes ouvertes sont majoritaires. La plupart des for­ mes se localisent dans la pièce P1427. On compte au total 54 formes ouvertes dont 41 frag­ ments de grands récipients ouverts, 11 b",img_1,0,Ch14,Ch14/Ch14_Fig22_1.jpeg,p. 536,Pellegrino,2021-11_Pellegrino_cér.pdf
Ch15_Fig1_1.jpeg,CERAMIC,,Ch15_Fig1,543,,Distribution des céramiques à dégraissant gris-vert aux Emirats : fréquence de ce groupe dans chacun des assemblages étudiés. Les récipients en céramique à dégraissant gris-vert rencontrés à Shimal SX sont principalement des bols moyens du sous-groupe BM-01 ou des grands récipients ouverts de la var,img_1,0,Ch15,Ch15/Ch15_Fig1_1.jpeg,p. 543,Pellegrino,2021-11_Pellegrino_cér.pdf
Ch15_Fig2_1.jpeg,CERAMIC,,Ch15_Fig2,545,,Distribution des céramiques à dégraissant blanc dans le nord des Emirats : fréquence de ce groupe dans chacun des assemblages étudiés. La répartition des formes sur les différents sites implique donc aussi bien des récipients de gran­ de taille que des récipients de taille modeste ou petite. Les gra,img_1,0,Ch15,Ch15/Ch15_Fig2_1.jpeg,p. 545,Pellegrino,2021-11_Pellegrino_cér.pdf
Ch15_Fig4_1.jpeg,CERAMIC,,Ch15_Fig4,547,,Distribution des céramiques à pâte beige sableuse dans les Emirats : fréquence de ce groupe dans chacun des assemblages étudiés. CINQUIÈME PARTIE,img_1,0,Ch15,Ch15/Ch15_Fig4_1.jpeg,p. 547,Pellegrino,2021-11_Pellegrino_cér.pdf
Ch15_Fig5_1.jpeg,CERAMIC,,Ch15_Fig5,548,,"Distribution des céramiques à dégraissant très abondant dans le nord des Emirats : fréquence de ce groupe dans chacun des assemblages étudiés. A Tell Abraq les céramiques du groupe 4 représentent environ 1% du corpus, et à Masafi-5, moins de 1% de l’assemblage. Parmi les tessons collectés sur les de",img_1,0,Ch15,Ch15/Ch15_Fig5_1.jpeg,p. 548,Pellegrino,2021-11_Pellegrino_cér.pdf
Ch15_Fig6_1.jpeg,CERAMIC,,Ch15_Fig6,549,,Distribution des céramiques semi-fines/fines de Shimal dans le nord des Emirats : fréquence de ce groupe dans chacun des assemblages étudiés. CINQUIÈME PARTIE,img_1,0,Ch15,Ch15/Ch15_Fig6_1.jpeg,p. 549,Pellegrino,2021-11_Pellegrino_cér.pdf
Ch15_Fig7_1.jpeg,CERAMIC,,Ch15_Fig7,550,,"Distribution des céramiques grossières à dégraissant mixte dans le nord des Emirats : fréquence de ce groupe dans chacun des assemblages étudiés. Toutefois, l’homogénéité des céramiques semi-fines/fines de Shimal reste à démontrer, et des analyses pétrographiques sont nécessaires pour déterminer si ",img_1,0,Ch15,Ch15/Ch15_Fig7_1.jpeg,p. 550,Pellegrino,2021-11_Pellegrino_cér.pdf
Ch15_Fig8_1.jpeg,CERAMIC,,Ch15_Fig8,551,,Distribution des céramiques kassites importées tournées dans le nord des Emirats : fréquence de ce groupe dans chacun des assemblages étudiés. CINQUIÈME PARTIE,img_1,0,Ch15,Ch15/Ch15_Fig8_1.jpeg,p. 551,Pellegrino,2021-11_Pellegrino_cér.pdf
Ch15_Fig9_1.jpeg,CERAMIC,,Ch15_Fig9,553,,"Distribution des céramiques grises tournées dans le nord des Emirats : fréquence de ce groupe dans chacun des assemblages étudiés. 15.2.3 Les autres céramiques importées Des importations de céramiques sont mentionnées à Kalba par R. Carter et P. Magee, qui attri­ buent une origine iranienne à un ens",img_1,0,Ch15,Ch15/Ch15_Fig9_1.jpeg,p. 553,Pellegrino,2021-11_Pellegrino_cér.pdf
